step,delta_v,gamma,scenario
1,-2.7755575615628914e-17,0.0,theta_intervention
2,0.005775000000000002,0.0,theta_intervention
3,0.04278750000000009,0.0,theta_intervention
4,0.0612660000000001,0.0,theta_intervention
5,0.09318360000000003,0.0,theta_intervention
6,0.1150058175,0.0,theta_intervention
7,0.14403493275000012,0.0,theta_intervention
8,0.16052118322500009,0.0,theta_intervention
9,0.16754845505250004,0.0,theta_intervention
10,0.17223625507575013,0.0,theta_intervention
11,0.18550401375390008,0.0,theta_intervention
12,0.18999216348345,0.0,theta_intervention
13,0.2029264309113541,0.0,theta_intervention
14,0.20835411330767128,0.0,theta_intervention
15,0.2220007904123915,0.0,theta_intervention
16,0.22379174868611834,0.0,theta_intervention
17,0.22837600580823636,0.0,theta_intervention
18,0.2318597873079909,0.0,theta_intervention
19,0.2329247912769945,0.0,theta_intervention
20,0.23491390046238103,0.0,theta_intervention
21,0.2412193206379682,0.0,theta_intervention
22,0.24236025748569584,0.0,theta_intervention
23,0.24287896476454363,0.0,theta_intervention
24,0.24449371929492641,0.0,theta_intervention
25,0.24425575987107928,0.0,theta_intervention
26,0.2479099953159073,0.0,theta_intervention
27,0.25084716701235804,0.0,theta_intervention
28,0.24954324324473887,0.0,theta_intervention
29,0.2533417147134707,0.0,theta_intervention
30,0.2536023886245978,0.0,theta_intervention
31,0.2525083854514932,0.0,theta_intervention
32,0.2528568939292993,0.0,theta_intervention
33,0.2552725570790073,0.0,theta_intervention
34,0.2577253443094709,0.0,theta_intervention
35,0.26002827104543524,0.0,theta_intervention
36,0.26060234443850366,0.0,theta_intervention
37,0.2616510392443109,0.0,theta_intervention
38,0.26027719407777405,0.0,theta_intervention
39,0.26033385961238253,0.0,theta_intervention
40,0.26089686057861927,0.0,theta_intervention
41,0.2605090307582178,0.0,theta_intervention
42,0.2594768515762875,0.0,theta_intervention
43,0.25925701311558935,0.0,theta_intervention
44,0.25840281151798317,0.0,theta_intervention
45,0.2576522824269569,0.0,theta_intervention
46,0.25737181435209355,0.0,theta_intervention
47,0.25700433570907905,0.0,theta_intervention
48,0.2565448133015959,0.0,theta_intervention
49,0.2562058844724385,0.0,theta_intervention
50,0.25569439796606747,0.0,theta_intervention
51,0.25512832721824,0.0,theta_intervention
52,0.25471446504665196,0.0,theta_intervention
53,0.25417935017338217,0.0,theta_intervention
54,0.2539312220503176,0.0,theta_intervention
55,0.2537601872250955,0.0,theta_intervention
56,0.25348794622631293,0.0,theta_intervention
57,0.25316048780126515,0.0,theta_intervention
58,0.25294523712462913,0.0,theta_intervention
59,0.2528299771465995,0.0,theta_intervention
60,0.25255052938494715,0.0,theta_intervention
61,0.25240980171229915,0.0,theta_intervention
62,0.25221586061431434,0.0,theta_intervention
63,0.25206086574607095,0.0,theta_intervention
64,0.25190235694091323,0.0,theta_intervention
65,0.2517948661409765,0.0,theta_intervention
66,0.25164566021065493,0.0,theta_intervention
67,0.2515013252815692,0.0,theta_intervention
68,0.2513425152714659,0.0,theta_intervention
69,0.2512409693901866,0.0,theta_intervention
70,0.2511438869432962,0.0,theta_intervention
71,0.25111497983699865,0.0,theta_intervention
72,0.25101739737090534,0.0,theta_intervention
73,0.250903056927337,0.0,theta_intervention
74,0.25083216667595476,0.0,theta_intervention
75,0.2507914371098642,0.0,theta_intervention
76,0.25065846603013997,0.0,theta_intervention
77,0.2505245344553369,0.0,theta_intervention
78,0.2504399140799273,0.0,theta_intervention
79,0.2503548333347189,0.0,theta_intervention
80,0.25028365347114434,0.0,theta_intervention
81,0.25023009568685645,0.0,theta_intervention
82,0.2501792112440944,0.0,theta_intervention
83,0.2501381232832667,0.0,theta_intervention
84,0.2501124385692791,0.0,theta_intervention
85,0.25009247144961155,0.0,theta_intervention
86,0.2500760481826527,0.0,theta_intervention
87,0.2500610979996435,0.0,theta_intervention
88,0.2500496254178937,0.0,theta_intervention
89,0.25003878128904833,0.0,theta_intervention
90,0.250030689053675,0.0,theta_intervention
91,0.2500247555881114,0.0,theta_intervention
92,0.2500197210729108,0.0,theta_intervention
93,0.2500162450966699,0.0,theta_intervention
94,0.2500127003092205,0.0,theta_intervention
95,0.2500099604754918,0.0,theta_intervention
96,0.2500078255921236,0.0,theta_intervention
97,0.2500063018542183,0.0,theta_intervention
98,0.25000497798579047,0.0,theta_intervention
99,0.2500040437501799,0.0,theta_intervention
100,0.2500032790167908,0.0,theta_intervention
101,0.2500026069388494,0.0,theta_intervention
102,0.25000212094339463,0.0,theta_intervention
103,0.2500016675552622,0.0,theta_intervention
104,0.2500012970865783,0.0,theta_intervention
105,0.2500010500081758,0.0,theta_intervention
106,0.25000080472101643,0.0,theta_intervention
107,0.2500006561075429,0.0,theta_intervention
108,0.2500005124333348,0.0,theta_intervention
109,0.25000040555785474,0.0,theta_intervention
110,0.250000330934631,0.0,theta_intervention
111,0.25000027527436086,0.0,theta_intervention
112,0.25000021692948,0.0,theta_intervention
113,0.25000017426907145,0.0,theta_intervention
114,0.2500001367786832,0.0,theta_intervention
115,0.2500001078360527,0.0,theta_intervention
116,0.25000008451974304,0.0,theta_intervention
117,0.25000006542702874,0.0,theta_intervention
118,0.2500000530853764,0.0,theta_intervention
119,0.2500000437157394,0.0,theta_intervention
120,0.2500000358170501,0.0,theta_intervention
121,0.2500000283126569,0.0,theta_intervention
122,0.25000002359450324,0.0,theta_intervention
123,0.2500000186756322,0.0,theta_intervention
124,0.2500000156553681,0.0,theta_intervention
125,0.25000001182886716,0.0,theta_intervention
126,0.25000000967337654,0.0,theta_intervention
127,0.2500000077823084,0.0,theta_intervention
128,0.250000005998019,0.0,theta_intervention
129,0.2500000051390129,0.0,theta_intervention
130,0.25000000408680895,0.0,theta_intervention
131,0.2500000033408852,0.0,theta_intervention
132,0.25000000259689514,0.0,theta_intervention
133,0.25000000213387397,0.0,theta_intervention
134,0.2500000017744014,0.0,theta_intervention
135,0.2500000013072218,0.0,theta_intervention
136,0.2500000010469518,0.0,theta_intervention
137,0.2500000008106245,0.0,theta_intervention
138,0.2500000006359746,0.0,theta_intervention
139,0.2500000005242748,0.0,theta_intervention
140,0.25000000040228365,0.0,theta_intervention
141,0.25000000030301095,0.0,theta_intervention
142,0.25000000022872276,0.0,theta_intervention
143,0.2500000001824839,0.0,theta_intervention
144,0.25000000014886037,0.0,theta_intervention
145,0.25000000011240664,0.0,theta_intervention
146,0.25000000008448237,0.0,theta_intervention
147,0.2500000000717283,0.0,theta_intervention
148,0.2500000000536284,0.0,theta_intervention
149,0.25000000004185935,0.0,theta_intervention
150,0.250000000028662,0.0,theta_intervention
1,0.03,0.0,epsilon_intervention
2,0.06667499999999998,0.0,epsilon_intervention
3,0.10889249999999998,0.0,epsilon_intervention
4,0.12587700000000004,0.0,epsilon_intervention
5,0.15385312499999998,0.0,epsilon_intervention
6,0.17343585749999996,0.0,epsilon_intervention
7,0.1966523415,0.0,epsilon_intervention
8,0.21629633309999996,0.0,epsilon_intervention
9,0.23797549465499995,0.0,epsilon_intervention
10,0.24353135503274997,0.0,epsilon_intervention
11,0.2410023688295999,0.0,epsilon_intervention
12,0.24724286595065254,0.0,epsilon_intervention
13,0.2581614523316296,0.0,epsilon_intervention
14,0.2654943624150668,0.0,epsilon_intervention
15,0.27333682612143884,0.0,epsilon_intervention
16,0.27475234409624133,0.0,epsilon_intervention
17,0.28106197296709606,0.0,epsilon_intervention
18,0.2833678802054958,0.0,epsilon_intervention
19,0.28399600813812137,0.0,epsilon_intervention
20,0.28515724121686864,0.0,epsilon_intervention
21,0.2869095050361474,0.0,epsilon_intervention
22,0.28940970821848494,0.0,epsilon_intervention
23,0.289063334653611,0.0,epsilon_intervention
24,0.28571919456611294,0.0,epsilon_intervention
25,0.2847576835095173,0.0,epsilon_intervention
26,0.28248868334299343,0.0,epsilon_intervention
27,0.2808889910620015,0.0,epsilon_intervention
28,0.27956568862199865,0.0,epsilon_intervention
29,0.2780090773389063,0.0,epsilon_intervention
30,0.276395182296546,0.0,epsilon_intervention
31,0.27502258302090987,0.0,epsilon_intervention
32,0.27397859480689024,0.0,epsilon_intervention
33,0.2722756399877408,0.0,epsilon_intervention
34,0.26901137358769,0.0,epsilon_intervention
35,0.26824702750292023,0.0,epsilon_intervention
36,0.26647460799989675,0.0,epsilon_intervention
37,0.26502271062449173,0.0,epsilon_intervention
38,0.2635750832362731,0.0,epsilon_intervention
39,0.2622684820464676,0.0,epsilon_intervention
40,0.26169121518202604,0.0,epsilon_intervention
41,0.2606642819858597,0.0,epsilon_intervention
42,0.2600505591772673,0.0,epsilon_intervention
43,0.25912664349225556,0.0,epsilon_intervention
44,0.25881963185529017,0.0,epsilon_intervention
45,0.2581795971455634,0.0,epsilon_intervention
46,0.25800233892132085,0.0,epsilon_intervention
47,0.25766650089914994,0.0,epsilon_intervention
48,0.2573908081122536,0.0,epsilon_intervention
49,0.25687730251748875,0.0,epsilon_intervention
50,0.25630625064519325,0.0,epsilon_intervention
51,0.25579211480975,0.0,epsilon_intervention
52,0.25536400711312085,0.0,epsilon_intervention
53,0.25514311532423517,0.0,epsilon_intervention
54,0.2549190286006578,0.0,epsilon_intervention
55,0.25459510078473513,0.0,epsilon_intervention
56,0.25437047329039125,0.0,epsilon_intervention
57,0.2539172877146665,0.0,epsilon_intervention
58,0.2535515421378383,0.0,epsilon_intervention
59,0.25333504541640495,0.0,epsilon_intervention
60,0.2530372007125725,0.0,epsilon_intervention
61,0.2528504349733235,0.0,epsilon_intervention
62,0.2527223581358967,0.0,epsilon_intervention
63,0.25233057329583003,0.0,epsilon_intervention
64,0.25220279332781254,0.0,epsilon_intervention
65,0.2520249513549579,0.0,epsilon_intervention
66,0.25189777402906854,0.0,epsilon_intervention
67,0.25183131460772107,0.0,epsilon_intervention
68,0.2517597593446354,0.0,epsilon_intervention
69,0.2516640237643797,0.0,epsilon_intervention
70,0.25159308727701213,0.0,epsilon_intervention
71,0.25132095053537445,0.0,epsilon_intervention
72,0.25125379238638695,0.0,epsilon_intervention
73,0.2511846915557272,0.0,epsilon_intervention
74,0.2511100914435393,0.0,epsilon_intervention
75,0.25094750438985153,0.0,epsilon_intervention
76,0.2508480493707739,0.0,epsilon_intervention
77,0.25073463748755637,0.0,epsilon_intervention
78,0.2506487471052766,0.0,epsilon_intervention
79,0.25058743361198244,0.0,epsilon_intervention
80,0.25053028639173475,0.0,epsilon_intervention
81,0.25048336612124644,0.0,epsilon_intervention
82,0.2504291289271652,0.0,epsilon_intervention
83,0.25038748093722807,0.0,epsilon_intervention
84,0.25034381758393376,0.0,epsilon_intervention
85,0.25031107858664037,0.0,epsilon_intervention
86,0.25027787332092777,0.0,epsilon_intervention
87,0.2502481742758806,0.0,epsilon_intervention
88,0.25021655615524335,0.0,epsilon_intervention
89,0.25019497597104673,0.0,epsilon_intervention
90,0.25017351085039186,0.0,epsilon_intervention
91,0.25015616240081556,0.0,epsilon_intervention
92,0.2501373902245427,0.0,epsilon_intervention
93,0.25012064063215345,0.0,epsilon_intervention
94,0.2501064917058318,0.0,epsilon_intervention
95,0.25009781871932857,0.0,epsilon_intervention
96,0.2500848639413401,0.0,epsilon_intervention
97,0.25007781483388014,0.0,epsilon_intervention
98,0.25007176886450033,0.0,epsilon_intervention
99,0.2500642449487884,0.0,epsilon_intervention
100,0.25005898191017906,0.0,epsilon_intervention
101,0.25004985687673464,0.0,epsilon_intervention
102,0.25004248322427186,0.0,epsilon_intervention
103,0.2500385292159605,0.0,epsilon_intervention
104,0.2500331570639997,0.0,epsilon_intervention
105,0.25002970558829685,0.0,epsilon_intervention
106,0.2500262155598637,0.0,epsilon_intervention
107,0.25002359427593085,0.0,epsilon_intervention
108,0.2500212014526393,0.0,epsilon_intervention
109,0.25001890244259806,0.0,epsilon_intervention
110,0.25001639272837434,0.0,epsilon_intervention
111,0.25001451273296654,0.0,epsilon_intervention
112,0.2500130652584981,0.0,epsilon_intervention
113,0.2500119965813242,0.0,epsilon_intervention
114,0.25001059854914043,0.0,epsilon_intervention
115,0.25000930979738273,0.0,epsilon_intervention
116,0.2500085481083468,0.0,epsilon_intervention
117,0.25000784621745337,0.0,epsilon_intervention
118,0.25000720930560866,0.0,epsilon_intervention
119,0.2500061041680761,0.0,epsilon_intervention
120,0.2500055284691785,0.0,epsilon_intervention
121,0.25000492224206844,0.0,epsilon_intervention
122,0.25000451860017153,0.0,epsilon_intervention
123,0.2500040492916978,0.0,epsilon_intervention
124,0.2500037679803976,0.0,epsilon_intervention
125,0.25000334486477266,0.0,epsilon_intervention
126,0.25000298896926154,0.0,epsilon_intervention
127,0.25000258731281766,0.0,epsilon_intervention
128,0.2500023510132294,0.0,epsilon_intervention
129,0.2500020863518607,0.0,epsilon_intervention
130,0.2500019383328522,0.0,epsilon_intervention
131,0.25000162639315204,0.0,epsilon_intervention
132,0.25000142364962885,0.0,epsilon_intervention
133,0.2500012355818264,0.0,epsilon_intervention
134,0.25000112620201853,0.0,epsilon_intervention
135,0.2500010089765908,0.0,epsilon_intervention
136,0.25000095934598265,0.0,epsilon_intervention
137,0.2500008779077263,0.0,epsilon_intervention
138,0.2500007655249489,0.0,epsilon_intervention
139,0.25000066009395017,0.0,epsilon_intervention
140,0.2500005932198521,0.0,epsilon_intervention
141,0.2500005524608665,0.0,epsilon_intervention
142,0.2500004791747163,0.0,epsilon_intervention
143,0.25000041570073706,0.0,epsilon_intervention
144,0.2500003831889897,0.0,epsilon_intervention
145,0.2500003535485067,0.0,epsilon_intervention
146,0.25000032805213807,0.0,epsilon_intervention
147,0.25000029535441615,0.0,epsilon_intervention
148,0.2500002689047739,0.0,epsilon_intervention
149,0.25000024749130756,0.0,epsilon_intervention
150,0.2500002270925461,0.0,epsilon_intervention
1,0.044999999999999984,0.0,lambda_h_intervention
2,0.06007499999999996,0.0,lambda_h_intervention
3,0.09805500000000006,0.0,lambda_h_intervention
4,0.10834800000000003,0.0,lambda_h_intervention
5,0.12091537499999994,0.0,lambda_h_intervention
6,0.1434231900000001,0.0,lambda_h_intervention
7,0.17234714100000004,0.0,lambda_h_intervention
8,0.18197737087500004,0.0,lambda_h_intervention
9,0.1973039393475,0.0,lambda_h_intervention
10,0.2081917694205,0.0,lambda_h_intervention
11,0.2156388261114,0.0,lambda_h_intervention
12,0.224326315836675,0.0,lambda_h_intervention
13,0.2277481925812726,0.0,lambda_h_intervention
14,0.24135268693798095,0.0,lambda_h_intervention
15,0.24778783782001984,0.0,lambda_h_intervention
16,0.24503509488927505,0.0,lambda_h_intervention
17,0.24815071900039942,0.0,lambda_h_intervention
18,0.2529408651614763,0.0,lambda_h_intervention
19,0.2537734676940254,0.0,lambda_h_intervention
20,0.2562239289979043,0.0,lambda_h_intervention
21,0.26145338442911903,0.0,lambda_h_intervention
22,0.26527958491379455,0.0,lambda_h_intervention
23,0.26662184693395985,0.0,lambda_h_intervention
24,0.2646406502320388,0.0,lambda_h_intervention
25,0.2672549279763309,0.0,lambda_h_intervention
26,0.2663611338512147,0.0,lambda_h_intervention
27,0.2674833415888156,0.0,lambda_h_intervention
28,0.2668077314376891,0.0,lambda_h_intervention
29,0.26720900138344306,0.0,lambda_h_intervention
30,0.26695741070187123,0.0,lambda_h_intervention
31,0.2673409917483025,0.0,lambda_h_intervention
32,0.26714598123936845,0.0,lambda_h_intervention
33,0.26578987049314406,0.0,lambda_h_intervention
34,0.2645671471597063,0.0,lambda_h_intervention
35,0.2643748087308109,0.0,lambda_h_intervention
36,0.26394423764596947,0.0,lambda_h_intervention
37,0.2632597573383448,0.0,lambda_h_intervention
38,0.26252528471346104,0.0,lambda_h_intervention
39,0.26262084127972635,0.0,lambda_h_intervention
40,0.2627390152341257,0.0,lambda_h_intervention
41,0.26205347763708403,0.0,lambda_h_intervention
42,0.26142938287521633,0.0,lambda_h_intervention
43,0.2604223423665628,0.0,lambda_h_intervention
44,0.25974589731575487,0.0,lambda_h_intervention
45,0.2591688579332087,0.0,lambda_h_intervention
46,0.2588294383043085,0.0,lambda_h_intervention
47,0.2584897460594682,0.0,lambda_h_intervention
48,0.2580807619166479,0.0,lambda_h_intervention
49,0.257259943423051,0.0,lambda_h_intervention
50,0.2567398688311272,0.0,lambda_h_intervention
51,0.25614013524734125,0.0,lambda_h_intervention
52,0.2555471770662766,0.0,lambda_h_intervention
53,0.255300695114482,0.0,lambda_h_intervention
54,0.25499696677243905,0.0,lambda_h_intervention
55,0.2545462320346992,0.0,lambda_h_intervention
56,0.2542039769794406,0.0,lambda_h_intervention
57,0.253940017661876,0.0,lambda_h_intervention
58,0.25364098179548433,0.0,lambda_h_intervention
59,0.25337437379463434,0.0,lambda_h_intervention
60,0.25316977983766015,0.0,lambda_h_intervention
61,0.2529637022180433,0.0,lambda_h_intervention
62,0.25268459890111283,0.0,lambda_h_intervention
63,0.2525108186570829,0.0,lambda_h_intervention
64,0.25219403312708766,0.0,lambda_h_intervention
65,0.25209371918133944,0.0,lambda_h_intervention
66,0.2519706942959229,0.0,lambda_h_intervention
67,0.25184850333881975,0.0,lambda_h_intervention
68,0.25176942436068195,0.0,lambda_h_intervention
69,0.25165990856303333,0.0,lambda_h_intervention
70,0.25147270490647355,0.0,lambda_h_intervention
71,0.2513317096471566,0.0,lambda_h_intervention
72,0.25123958034238975,0.0,lambda_h_intervention
73,0.2511499815244513,0.0,lambda_h_intervention
74,0.25106686171061154,0.0,lambda_h_intervention
75,0.25103260044114784,0.0,lambda_h_intervention
76,0.22875212877026346,0.0,lambda_h_intervention
77,0.21074155375530645,0.0,lambda_h_intervention
78,0.19693510531272668,0.0,lambda_h_intervention
79,0.18669018299537338,0.0,lambda_h_intervention
80,0.17867855071752092,0.0,lambda_h_intervention
81,0.17186887077363733,0.0,lambda_h_intervention
82,0.16727912703173442,0.0,lambda_h_intervention
83,0.1636841612442585,0.0,lambda_h_intervention
84,0.1606543225849149,0.0,lambda_h_intervention
85,0.15827927972402384,0.0,lambda_h_intervention
86,0.15648428413179155,0.0,lambda_h_intervention
87,0.15503485616683688,0.0,lambda_h_intervention
88,0.15394350732992462,0.0,lambda_h_intervention
89,0.15320138364455754,0.0,lambda_h_intervention
90,0.15250369571557176,0.0,lambda_h_intervention
91,0.1519393084809455,0.0,lambda_h_intervention
92,0.15153741727361114,0.0,lambda_h_intervention
93,0.1512068096677317,0.0,lambda_h_intervention
94,0.1509572043466444,0.0,lambda_h_intervention
95,0.15077343411685168,0.0,lambda_h_intervention
96,0.15062860193190858,0.0,lambda_h_intervention
97,0.15051925590535614,0.0,lambda_h_intervention
98,0.15043308030998537,0.0,lambda_h_intervention
99,0.15037214530750587,0.0,lambda_h_intervention
100,0.15031572078247235,0.0,lambda_h_intervention
101,0.15026670616928817,0.0,lambda_h_intervention
102,0.15022904204984827,0.0,lambda_h_intervention
103,0.15019472882478369,0.0,lambda_h_intervention
104,0.1501696506226478,0.0,lambda_h_intervention
105,0.15014934696842785,0.0,lambda_h_intervention
106,0.15013343629665898,0.0,lambda_h_intervention
107,0.1501165015498221,0.0,lambda_h_intervention
108,0.15010337958951764,0.0,lambda_h_intervention
109,0.15009192358020157,0.0,lambda_h_intervention
110,0.1500815770605045,0.0,lambda_h_intervention
111,0.1500750091883023,0.0,lambda_h_intervention
112,0.15006880851235588,0.0,lambda_h_intervention
113,0.1500633437632105,0.0,lambda_h_intervention
114,0.15005936807673598,0.0,lambda_h_intervention
115,0.15005470674015214,0.0,lambda_h_intervention
116,0.15004884106745203,0.0,lambda_h_intervention
117,0.1500450285367213,0.0,lambda_h_intervention
118,0.1500402995618791,0.0,lambda_h_intervention
119,0.15003641953028857,0.0,lambda_h_intervention
120,0.1500341762611045,0.0,lambda_h_intervention
121,0.15003137033370845,0.0,lambda_h_intervention
122,0.1500290832202505,0.0,lambda_h_intervention
123,0.15002547299611685,0.0,lambda_h_intervention
124,0.15002385500495619,0.0,lambda_h_intervention
125,0.1500211930221253,0.0,lambda_h_intervention
126,0.15001936374777597,0.0,lambda_h_intervention
127,0.1500177285455857,0.0,lambda_h_intervention
128,0.1500167087233077,0.0,lambda_h_intervention
129,0.150015994692916,0.0,lambda_h_intervention
130,0.1500150826505709,0.0,lambda_h_intervention
131,0.15001407727929017,0.0,lambda_h_intervention
132,0.1500129386400521,0.0,lambda_h_intervention
133,0.1500123100121808,0.0,lambda_h_intervention
134,0.15001111414511048,0.0,lambda_h_intervention
135,0.1500104841605963,0.0,lambda_h_intervention
136,0.15000958489629407,0.0,lambda_h_intervention
137,0.15000906628018373,0.0,lambda_h_intervention
138,0.1500080060658308,0.0,lambda_h_intervention
139,0.15000732266977335,0.0,lambda_h_intervention
140,0.15000675168415872,0.0,lambda_h_intervention
141,0.15000635998350353,0.0,lambda_h_intervention
142,0.1500057549238139,0.0,lambda_h_intervention
143,0.15000550895979775,0.0,lambda_h_intervention
144,0.15000536161186817,0.0,lambda_h_intervention
145,0.15000506285964516,0.0,lambda_h_intervention
146,0.15000436439894688,0.0,lambda_h_intervention
147,0.15000393901700088,0.0,lambda_h_intervention
148,0.15000341451086535,0.0,lambda_h_intervention
149,0.15000315277462217,0.0,lambda_h_intervention
150,0.15000276025221493,0.0,lambda_h_intervention
1,0.015,1.0,theta_intervention
2,0.03082499999999999,1.0,theta_intervention
3,0.08820000000000006,1.0,theta_intervention
4,0.11252400000000001,1.0,theta_intervention
5,0.15079005,1.0,theta_intervention
6,0.18014672999999998,1.0,theta_intervention
7,0.19646707649999995,1.0,theta_intervention
8,0.21622149750000003,1.0,theta_intervention
9,0.2339250395025,1.0,theta_intervention
10,0.25430671464675,1.0,theta_intervention
11,0.2583906131733751,1.0,theta_intervention
12,0.2740005785150401,1.0,theta_intervention
13,0.28523092400450556,1.0,theta_intervention
14,0.2795439098532621,1.0,theta_intervention
15,0.29216866982625916,1.0,theta_intervention
16,0.30030787117602614,1.0,theta_intervention
17,0.3036271780062597,1.0,theta_intervention
18,0.3186396326509754,1.0,theta_intervention
19,0.3317838844146891,1.0,theta_intervention
20,0.3294419026180938,1.0,theta_intervention
21,0.332657794756399,1.0,theta_intervention
22,0.3467504826344917,1.0,theta_intervention
23,0.34642173736503606,1.0,theta_intervention
24,0.35996388702522575,1.0,theta_intervention
25,0.36608819814595905,1.0,theta_intervention
26,0.37586291830520596,1.0,theta_intervention
27,0.3849812509927969,1.0,theta_intervention
28,0.38848125962140545,1.0,theta_intervention
29,0.39493747680562497,1.0,theta_intervention
30,0.397615587828,1.0,theta_intervention
31,0.39534181779533445,1.0,theta_intervention
32,0.3958307203961802,1.0,theta_intervention
33,0.38672139285770096,1.0,theta_intervention
34,0.40086512017245646,1.0,theta_intervention
35,0.4083288990736128,1.0,theta_intervention
36,0.41274073186064675,1.0,theta_intervention
37,0.40928224060681334,1.0,theta_intervention
38,0.4227971780312293,1.0,theta_intervention
39,0.4136805737969571,1.0,theta_intervention
40,0.4376841083166131,1.0,theta_intervention
41,0.4368275228686565,1.0,theta_intervention
42,0.4429884292057354,1.0,theta_intervention
43,0.43575930169752597,1.0,theta_intervention
44,0.4427445430195196,1.0,theta_intervention
45,0.43890490691005907,1.0,theta_intervention
46,0.4449730599745062,1.0,theta_intervention
47,0.44934315196498287,1.0,theta_intervention
48,0.4606830174480292,1.0,theta_intervention
49,0.4605251483587284,1.0,theta_intervention
50,0.47606225380362416,1.0,theta_intervention
51,0.46286529558254597,1.0,theta_intervention
52,0.47019823963664864,1.0,theta_intervention
53,0.468247942525696,1.0,theta_intervention
54,0.4714052985063382,1.0,theta_intervention
55,0.48696088697944645,1.0,theta_intervention
56,0.5017183489308633,1.0,theta_intervention
57,0.5060727856972396,1.0,theta_intervention
58,0.5064227146209868,1.0,theta_intervention
59,0.510764192005736,1.0,theta_intervention
60,0.5093201120472464,1.0,theta_intervention
61,0.5161380869579641,1.0,theta_intervention
62,0.5120087350283988,1.0,theta_intervention
63,0.5249527330929228,1.0,theta_intervention
64,0.5147385754763528,1.0,theta_intervention
65,0.5075895181418691,1.0,theta_intervention
66,0.5069167692662802,1.0,theta_intervention
67,0.5182832652226669,1.0,theta_intervention
68,0.5194398145204174,1.0,theta_intervention
69,0.5241516625166721,1.0,theta_intervention
70,0.5337542809878406,1.0,theta_intervention
71,0.5373656063070219,1.0,theta_intervention
72,0.5292505369468045,1.0,theta_intervention
73,0.5292381688920247,1.0,theta_intervention
74,0.5328491705974907,1.0,theta_intervention
75,0.5333128484490033,1.0,theta_intervention
76,0.48761065625684263,1.0,theta_intervention
77,0.48018452317957205,1.0,theta_intervention
78,0.44611574052621733,1.0,theta_intervention
79,0.4352632457761402,1.0,theta_intervention
80,0.43756289719549235,1.0,theta_intervention
81,0.44350939391793137,1.0,theta_intervention
82,0.4405496819627882,1.0,theta_intervention
83,0.433924168806264,1.0,theta_intervention
84,0.43908599391450437,1.0,theta_intervention
85,0.44598156297937847,1.0,theta_intervention
86,0.43019568208736825,1.0,theta_intervention
87,0.41923245090365446,1.0,theta_intervention
88,0.4134736327394909,1.0,theta_intervention
89,0.41179035325113966,1.0,theta_intervention
90,0.41301746547052065,1.0,theta_intervention
91,0.41433013467277,1.0,theta_intervention
92,0.41823872950220964,1.0,theta_intervention
93,0.4151136764063675,1.0,theta_intervention
94,0.4134986231521489,1.0,theta_intervention
95,0.41028840079170836,1.0,theta_intervention
96,0.4225961498795511,1.0,theta_intervention
97,0.4263564170522637,1.0,theta_intervention
98,0.4188448028462964,1.0,theta_intervention
99,0.41799662082213457,1.0,theta_intervention
100,0.4193700839832078,1.0,theta_intervention
101,0.41206736144357275,1.0,theta_intervention
102,0.40907460439185395,1.0,theta_intervention
103,0.4126252566599933,1.0,theta_intervention
104,0.416290757864881,1.0,theta_intervention
105,0.4068842828068489,1.0,theta_intervention
106,0.39937166256481477,1.0,theta_intervention
107,0.40625821516895183,1.0,theta_intervention
108,0.4168261162653509,1.0,theta_intervention
109,0.4233417724576992,1.0,theta_intervention
110,0.42525438416181083,1.0,theta_intervention
111,0.4251621246213556,1.0,theta_intervention
112,0.427475258718044,1.0,theta_intervention
113,0.42366046856337175,1.0,theta_intervention
114,0.4133484004138092,1.0,theta_intervention
115,0.41576760480339214,1.0,theta_intervention
116,0.428563894126629,1.0,theta_intervention
117,0.4210814322615257,1.0,theta_intervention
118,0.42224963754114053,1.0,theta_intervention
119,0.42110785329266487,1.0,theta_intervention
120,0.4101668420941565,1.0,theta_intervention
121,0.40288184263373145,1.0,theta_intervention
122,0.4135252882566354,1.0,theta_intervention
123,0.41523386521631683,1.0,theta_intervention
124,0.4121297554088142,1.0,theta_intervention
125,0.4151704586488736,1.0,theta_intervention
126,0.4166523957526894,1.0,theta_intervention
127,0.4040636213776494,1.0,theta_intervention
128,0.41055298064390033,1.0,theta_intervention
129,0.4146509476582627,1.0,theta_intervention
130,0.40696220516995657,1.0,theta_intervention
131,0.3952091553281931,1.0,theta_intervention
132,0.388708171620842,1.0,theta_intervention
133,0.38973108479667046,1.0,theta_intervention
134,0.40468631065354066,1.0,theta_intervention
135,0.40999880237455166,1.0,theta_intervention
136,0.4068315118642222,1.0,theta_intervention
137,0.4182672209994036,1.0,theta_intervention
138,0.40065428706143863,1.0,theta_intervention
139,0.41378564726193157,1.0,theta_intervention
140,0.40936321036739126,1.0,theta_intervention
141,0.4110131921149622,1.0,theta_intervention
142,0.3999186216175669,1.0,theta_intervention
143,0.41214394448397473,1.0,theta_intervention
144,0.41364252237958055,1.0,theta_intervention
145,0.41483081636745667,1.0,theta_intervention
146,0.4117302527904049,1.0,theta_intervention
147,0.41941661533125957,1.0,theta_intervention
148,0.4212404361901278,1.0,theta_intervention
149,0.41559463516304174,1.0,theta_intervention
150,0.4259059466657483,1.0,theta_intervention
1,0.022499999999999992,1.0,epsilon_intervention
2,0.04777500000000001,1.0,epsilon_intervention
3,0.09356250000000002,1.0,epsilon_intervention
4,0.08007524999999999,1.0,epsilon_intervention
5,0.118108725,1.0,epsilon_intervention
6,0.15227397749999994,1.0,epsilon_intervention
7,0.20025523650000004,1.0,epsilon_intervention
8,0.23249686132499997,1.0,epsilon_intervention
9,0.24851344607999992,1.0,epsilon_intervention
10,0.288520923948,1.0,epsilon_intervention
11,0.31275176303444996,1.0,epsilon_intervention
12,0.3220341122343151,1.0,epsilon_intervention
13,0.32254728925932297,1.0,epsilon_intervention
14,0.33656212378766476,1.0,epsilon_intervention
15,0.3484926191201485,1.0,epsilon_intervention
16,0.3451029140427173,1.0,epsilon_intervention
17,0.35627316481067917,1.0,epsilon_intervention
18,0.3632260976681575,1.0,epsilon_intervention
19,0.36953840787209274,1.0,epsilon_intervention
20,0.3686336313929318,1.0,epsilon_intervention
21,0.3755446195246549,1.0,epsilon_intervention
22,0.3874308058855713,1.0,epsilon_intervention
23,0.3891880158719123,1.0,epsilon_intervention
24,0.39458693153754376,1.0,epsilon_intervention
25,0.3849682212162207,1.0,epsilon_intervention
26,0.39190613995917206,1.0,epsilon_intervention
27,0.392996638149148,1.0,epsilon_intervention
28,0.400757119215597,1.0,epsilon_intervention
29,0.4182785064136282,1.0,epsilon_intervention
30,0.41205657396416256,1.0,epsilon_intervention
31,0.4212274256132408,1.0,epsilon_intervention
32,0.42543143165838915,1.0,epsilon_intervention
33,0.4306545329805025,1.0,epsilon_intervention
34,0.43849087753420257,1.0,epsilon_intervention
35,0.445526325213309,1.0,epsilon_intervention
36,0.4507969689729166,1.0,epsilon_intervention
37,0.44954736067098516,1.0,epsilon_intervention
38,0.4544891151743267,1.0,epsilon_intervention
39,0.464168208280619,1.0,epsilon_intervention
40,0.46039495392924457,1.0,epsilon_intervention
41,0.45892341234918743,1.0,epsilon_intervention
42,0.45993670783476004,1.0,epsilon_intervention
43,0.45379382024647974,1.0,epsilon_intervention
44,0.4542978164650532,1.0,epsilon_intervention
45,0.46669223385298875,1.0,epsilon_intervention
46,0.4719728697129299,1.0,epsilon_intervention
47,0.4837311724750428,1.0,epsilon_intervention
48,0.49785337856637557,1.0,epsilon_intervention
49,0.5033783804655388,1.0,epsilon_intervention
50,0.5051436685903912,1.0,epsilon_intervention
51,0.4963967371445989,1.0,epsilon_intervention
52,0.494146975577895,1.0,epsilon_intervention
53,0.504652685421558,1.0,epsilon_intervention
54,0.5208692143309209,1.0,epsilon_intervention
55,0.5111129164841952,1.0,epsilon_intervention
56,0.5133711109895204,1.0,epsilon_intervention
57,0.5099262312239942,1.0,epsilon_intervention
58,0.5124651414449385,1.0,epsilon_intervention
59,0.5276405888414677,1.0,epsilon_intervention
60,0.5343012698878639,1.0,epsilon_intervention
61,0.5224580582544683,1.0,epsilon_intervention
62,0.5315394480099768,1.0,epsilon_intervention
63,0.5414271061489359,1.0,epsilon_intervention
64,0.5351036510476174,1.0,epsilon_intervention
65,0.5322916261733085,1.0,epsilon_intervention
66,0.5449411570142344,1.0,epsilon_intervention
67,0.5533522557686799,1.0,epsilon_intervention
68,0.5571361000784859,1.0,epsilon_intervention
69,0.5578947127714501,1.0,epsilon_intervention
70,0.5584402834839269,1.0,epsilon_intervention
71,0.5691601457122022,1.0,epsilon_intervention
72,0.5802638866960056,1.0,epsilon_intervention
73,0.591227558943065,1.0,epsilon_intervention
74,0.5826176952334938,1.0,epsilon_intervention
75,0.5833174052180164,1.0,epsilon_intervention
76,0.5508077223428822,1.0,epsilon_intervention
77,0.5306699602686167,1.0,epsilon_intervention
78,0.49637379006616666,1.0,epsilon_intervention
79,0.46079393122906875,1.0,epsilon_intervention
80,0.4407073313504266,1.0,epsilon_intervention
81,0.41420602057591027,1.0,epsilon_intervention
82,0.40951918886535876,1.0,epsilon_intervention
83,0.42991665222775266,1.0,epsilon_intervention
84,0.436315622590682,1.0,epsilon_intervention
85,0.44358619520806464,1.0,epsilon_intervention
86,0.4189511574817508,1.0,epsilon_intervention
87,0.398164494270656,1.0,epsilon_intervention
88,0.40219601722845055,1.0,epsilon_intervention
89,0.3860193925616183,1.0,epsilon_intervention
90,0.39176072237031323,1.0,epsilon_intervention
91,0.3887515176705401,1.0,epsilon_intervention
92,0.40073198482418537,1.0,epsilon_intervention
93,0.3912978943788501,1.0,epsilon_intervention
94,0.3964538381896721,1.0,epsilon_intervention
95,0.4093967753536703,1.0,epsilon_intervention
96,0.40346765704343246,1.0,epsilon_intervention
97,0.38157481942569105,1.0,epsilon_intervention
98,0.37171265288193933,1.0,epsilon_intervention
99,0.39747536245254766,1.0,epsilon_intervention
100,0.4046912804252061,1.0,epsilon_intervention
101,0.4084802719864436,1.0,epsilon_intervention
102,0.3974916090615775,1.0,epsilon_intervention
103,0.39959631871700674,1.0,epsilon_intervention
104,0.4085751533864411,1.0,epsilon_intervention
105,0.376959102185467,1.0,epsilon_intervention
106,0.3762655519275486,1.0,epsilon_intervention
107,0.36942083390718816,1.0,epsilon_intervention
108,0.3388046261342524,1.0,epsilon_intervention
109,0.33973878820331344,1.0,epsilon_intervention
110,0.3363827041142467,1.0,epsilon_intervention
111,0.3225048160149753,1.0,epsilon_intervention
112,0.33521376994118945,1.0,epsilon_intervention
113,0.36834251051411493,1.0,epsilon_intervention
114,0.3779414702692485,1.0,epsilon_intervention
115,0.3757227886040052,1.0,epsilon_intervention
116,0.3767076875048197,1.0,epsilon_intervention
117,0.36556384517115686,1.0,epsilon_intervention
118,0.37041284380627193,1.0,epsilon_intervention
119,0.3789397324805146,1.0,epsilon_intervention
120,0.37664858381628386,1.0,epsilon_intervention
121,0.3788825014672301,1.0,epsilon_intervention
122,0.37200422945430867,1.0,epsilon_intervention
123,0.3754913422347876,1.0,epsilon_intervention
124,0.37381981877361586,1.0,epsilon_intervention
125,0.36955112588937883,1.0,epsilon_intervention
126,0.3734168713468831,1.0,epsilon_intervention
127,0.3851398163646053,1.0,epsilon_intervention
128,0.38383184156429134,1.0,epsilon_intervention
129,0.3676067665270671,1.0,epsilon_intervention
130,0.36867843577268194,1.0,epsilon_intervention
131,0.37796745145415633,1.0,epsilon_intervention
132,0.3719436066682767,1.0,epsilon_intervention
133,0.3872030572421562,1.0,epsilon_intervention
134,0.37239672695920795,1.0,epsilon_intervention
135,0.3718885475925498,1.0,epsilon_intervention
136,0.37778674839588156,1.0,epsilon_intervention
137,0.3539663668073884,1.0,epsilon_intervention
138,0.3395210537109802,1.0,epsilon_intervention
139,0.35564450032938344,1.0,epsilon_intervention
140,0.3497640977129606,1.0,epsilon_intervention
141,0.36203715227220523,1.0,epsilon_intervention
142,0.37643418084520586,1.0,epsilon_intervention
143,0.3776633933873887,1.0,epsilon_intervention
144,0.385122432456293,1.0,epsilon_intervention
145,0.39559369820582596,1.0,epsilon_intervention
146,0.39644897707750987,1.0,epsilon_intervention
147,0.39121974780706736,1.0,epsilon_intervention
148,0.40910920595278377,1.0,epsilon_intervention
149,0.3857647362260803,1.0,epsilon_intervention
150,0.4089738620234,1.0,epsilon_intervention
1,0.04875,1.0,lambda_h_intervention
2,0.04470000000000002,1.0,lambda_h_intervention
3,0.08999250000000003,1.0,lambda_h_intervention
4,0.11561474999999996,1.0,lambda_h_intervention
5,0.13836375,1.0,lambda_h_intervention
6,0.17275252499999993,1.0,lambda_h_intervention
7,0.20936854500000002,1.0,lambda_h_intervention
8,0.21895177155000006,1.0,lambda_h_intervention
9,0.2529886178025,1.0,lambda_h_intervention
10,0.26595571854675,1.0,lambda_h_intervention
11,0.28864331438355,1.0,lambda_h_intervention
12,0.30084890630631755,1.0,lambda_h_intervention
13,0.3120456927540774,1.0,lambda_h_intervention
14,0.32590549541785346,1.0,lambda_h_intervention
15,0.3425378836956924,1.0,lambda_h_intervention
16,0.3499328675905866,1.0,lambda_h_intervention
17,0.35210199389881186,1.0,lambda_h_intervention
18,0.34244894063088865,1.0,lambda_h_intervention
19,0.3424590270362769,1.0,lambda_h_intervention
20,0.3408988145997473,1.0,lambda_h_intervention
21,0.3482930236927635,1.0,lambda_h_intervention
22,0.35096502368757126,1.0,lambda_h_intervention
23,0.36502640669689335,1.0,lambda_h_intervention
24,0.36602882028165873,1.0,lambda_h_intervention
25,0.3659258015747092,1.0,lambda_h_intervention
26,0.37171194561635473,1.0,lambda_h_intervention
27,0.3893615218269961,1.0,lambda_h_intervention
28,0.38910957981405947,1.0,lambda_h_intervention
29,0.39182807931713526,1.0,lambda_h_intervention
30,0.3820515561885872,1.0,lambda_h_intervention
31,0.38097531499336457,1.0,lambda_h_intervention
32,0.3831044095230528,1.0,lambda_h_intervention
33,0.39276032416198814,1.0,lambda_h_intervention
34,0.40210020172160577,1.0,lambda_h_intervention
35,0.41059603133152806,1.0,lambda_h_intervention
36,0.4184881907220725,1.0,lambda_h_intervention
37,0.4230738082047639,1.0,lambda_h_intervention
38,0.43899216546162445,1.0,lambda_h_intervention
39,0.4442934345789933,1.0,lambda_h_intervention
40,0.43968966739982585,1.0,lambda_h_intervention
41,0.44372981378784815,1.0,lambda_h_intervention
42,0.45426047198295216,1.0,lambda_h_intervention
43,0.47804415580384896,1.0,lambda_h_intervention
44,0.46948295674070506,1.0,lambda_h_intervention
45,0.4724021150351341,1.0,lambda_h_intervention
46,0.47000842238594176,1.0,lambda_h_intervention
47,0.4762556304687546,1.0,lambda_h_intervention
48,0.47304545327938896,1.0,lambda_h_intervention
49,0.47048767707709604,1.0,lambda_h_intervention
50,0.4776357274117932,1.0,lambda_h_intervention
51,0.48403385107821084,1.0,lambda_h_intervention
52,0.49164391360366255,1.0,lambda_h_intervention
53,0.4906014347808655,1.0,lambda_h_intervention
54,0.4913155645761361,1.0,lambda_h_intervention
55,0.495632013861928,1.0,lambda_h_intervention
56,0.488569840908077,1.0,lambda_h_intervention
57,0.49542274974636774,1.0,lambda_h_intervention
58,0.4936933254217646,1.0,lambda_h_intervention
59,0.50436215550436,1.0,lambda_h_intervention
60,0.4931783674788202,1.0,lambda_h_intervention
61,0.5002458714712794,1.0,lambda_h_intervention
62,0.5017403837515256,1.0,lambda_h_intervention
63,0.5065262059775716,1.0,lambda_h_intervention
64,0.5067111362142983,1.0,lambda_h_intervention
65,0.506171153139019,1.0,lambda_h_intervention
66,0.5182574434381184,1.0,lambda_h_intervention
67,0.5140998944407804,1.0,lambda_h_intervention
68,0.5139273592832299,1.0,lambda_h_intervention
69,0.5196091132078849,1.0,lambda_h_intervention
70,0.5210247153095571,1.0,lambda_h_intervention
71,0.5285148096378289,1.0,lambda_h_intervention
72,0.5289276504225975,1.0,lambda_h_intervention
73,0.526378343722952,1.0,lambda_h_intervention
74,0.5327986252806616,1.0,lambda_h_intervention
75,0.5327190738430978,1.0,lambda_h_intervention
76,0.5216072822284009,1.0,lambda_h_intervention
77,0.5165735802256668,1.0,lambda_h_intervention
78,0.500086340869357,1.0,lambda_h_intervention
79,0.49535167005007963,1.0,lambda_h_intervention
80,0.4941229970477633,1.0,lambda_h_intervention
81,0.4788007401423636,1.0,lambda_h_intervention
82,0.4717230908681489,1.0,lambda_h_intervention
83,0.46886032418874307,1.0,lambda_h_intervention
84,0.46302276262553976,1.0,lambda_h_intervention
85,0.47900980553313977,1.0,lambda_h_intervention
86,0.4704040624478224,1.0,lambda_h_intervention
87,0.469784428485143,1.0,lambda_h_intervention
88,0.47211238606198547,1.0,lambda_h_intervention
89,0.4810540108307575,1.0,lambda_h_intervention
90,0.47864348167171833,1.0,lambda_h_intervention
91,0.4660733282855435,1.0,lambda_h_intervention
92,0.47480755927927654,1.0,lambda_h_intervention
93,0.4731774730276482,1.0,lambda_h_intervention
94,0.47751940312512187,1.0,lambda_h_intervention
95,0.4686935493509517,1.0,lambda_h_intervention
96,0.47094202885814274,1.0,lambda_h_intervention
97,0.46559984442983593,1.0,lambda_h_intervention
98,0.4626193185993437,1.0,lambda_h_intervention
99,0.47500503570423236,1.0,lambda_h_intervention
100,0.4725540956635583,1.0,lambda_h_intervention
101,0.4887390626051641,1.0,lambda_h_intervention
102,0.4775506768729474,1.0,lambda_h_intervention
103,0.4675321340003248,1.0,lambda_h_intervention
104,0.4639909311026412,1.0,lambda_h_intervention
105,0.4824808370971363,1.0,lambda_h_intervention
106,0.4845803038526304,1.0,lambda_h_intervention
107,0.4928066891509776,1.0,lambda_h_intervention
108,0.49938578276130285,1.0,lambda_h_intervention
109,0.49573202806560246,1.0,lambda_h_intervention
110,0.4924549484789943,1.0,lambda_h_intervention
111,0.49598885979733365,1.0,lambda_h_intervention
112,0.5043233001349878,1.0,lambda_h_intervention
113,0.5014587374431183,1.0,lambda_h_intervention
114,0.499495667495196,1.0,lambda_h_intervention
115,0.4902468249030034,1.0,lambda_h_intervention
116,0.4933719252351312,1.0,lambda_h_intervention
117,0.49224353255918646,1.0,lambda_h_intervention
118,0.4753882500087867,1.0,lambda_h_intervention
119,0.47655491866605826,1.0,lambda_h_intervention
120,0.472504174150143,1.0,lambda_h_intervention
121,0.462299279067396,1.0,lambda_h_intervention
122,0.4613015593035952,1.0,lambda_h_intervention
123,0.4536560255766233,1.0,lambda_h_intervention
124,0.4627890390419716,1.0,lambda_h_intervention
125,0.4647959002534967,1.0,lambda_h_intervention
126,0.46553888055696613,1.0,lambda_h_intervention
127,0.4773733794570848,1.0,lambda_h_intervention
128,0.4770611323276206,1.0,lambda_h_intervention
129,0.476392379449217,1.0,lambda_h_intervention
130,0.4750614568698399,1.0,lambda_h_intervention
131,0.47121077301654585,1.0,lambda_h_intervention
132,0.47861247123959794,1.0,lambda_h_intervention
133,0.4881861771859072,1.0,lambda_h_intervention
134,0.4810433521076876,1.0,lambda_h_intervention
135,0.48526851145682187,1.0,lambda_h_intervention
136,0.4929127379211669,1.0,lambda_h_intervention
137,0.4916408248076846,1.0,lambda_h_intervention
138,0.4806503190689332,1.0,lambda_h_intervention
139,0.4774399352719383,1.0,lambda_h_intervention
140,0.47681607003864174,1.0,lambda_h_intervention
141,0.48394138289619093,1.0,lambda_h_intervention
142,0.4749551453925289,1.0,lambda_h_intervention
143,0.4912225941650745,1.0,lambda_h_intervention
144,0.4890743528409235,1.0,lambda_h_intervention
145,0.5110330522916788,1.0,lambda_h_intervention
146,0.5031779005176815,1.0,lambda_h_intervention
147,0.49710551646505874,1.0,lambda_h_intervention
148,0.49130167111427436,1.0,lambda_h_intervention
149,0.4845212707900127,1.0,lambda_h_intervention
150,0.4858060494363726,1.0,lambda_h_intervention
