theta_post,p_high_post,delta_v,Value_High,Value_Low,LH_Ratio,reward_contrast
0.0,0.5,0.2499999999999935,0.7499999999999934,0.5,100.0,1.0
0.0,0.5249999999999999,0.2499999999999935,0.7499999999999934,0.5,100.0,1.0499999999999998
0.0,0.55,0.2499999999999935,0.7499999999999934,0.5,100.0,1.1
0.0,0.575,0.2499999999999935,0.7499999999999934,0.5,100.0,1.15
0.0,0.6,0.2499999999999935,0.7499999999999934,0.5,100.0,1.2
0.0,0.625,0.2499999999999935,0.7499999999999934,0.5,100.0,1.25
0.0,0.6499999999999999,0.2499999999999935,0.7499999999999934,0.5,100.0,1.2999999999999998
0.0,0.675,0.2499999999999935,0.7499999999999934,0.5,100.0,1.35
0.0,0.7,0.2499999999999935,0.7499999999999934,0.5,100.0,1.4
0.0,0.725,0.2499999999999935,0.7499999999999934,0.5,100.0,1.45
0.0,0.75,0.2499999999999935,0.7499999999999934,0.5,100.0,1.5
0.0,0.775,0.2499999999999935,0.7499999999999934,0.5,100.0,1.55
0.0,0.8,0.2499999999999935,0.7499999999999934,0.5,100.0,1.6
0.0,0.825,0.2499999999999935,0.7499999999999934,0.5,100.0,1.65
0.0,0.85,0.2499999999999935,0.7499999999999934,0.5,100.0,1.7
0.0,0.875,0.2499999999999935,0.7499999999999934,0.5,100.0,1.75
0.0,0.9,0.2499999999999935,0.7499999999999934,0.5,100.0,1.8
0.0,0.925,0.2499999999999935,0.7499999999999934,0.5,100.0,1.85
0.0,0.95,0.2499999999999935,0.7499999999999934,0.5,100.0,1.9
0.0,0.975,0.2499999999999935,0.7499999999999934,0.5,100.0,1.95
0.0,1.0,0.2499999999999935,0.7499999999999934,0.5,100.0,2.0
0.05,0.5,-0.07757883468777678,0.3919165363446792,0.469495371032456,16.720252324215174,1.0
0.05,0.5249999999999999,-0.058348520862765076,0.4110742658907113,0.4694227867534764,16.59439790086075,1.0499999999999998
0.05,0.55,-0.038542617495000375,0.4307473004662685,0.4692899179612689,16.49343108989394,1.1
0.05,0.575,-0.01865872566378518,0.4504396796578793,0.46909840532166447,16.35015603161888,1.15
0.05,0.6,0.004558705226147397,0.47333321298857367,0.46877450776242624,16.0475225539854,1.2
0.05,0.625,0.030828309481780936,0.49888349285285855,0.46805518337107765,15.527687250400097,1.25
0.05,0.6499999999999999,0.06581730922394555,0.5323137811399016,0.46649647191595606,14.017744181772818,1.2999999999999998
0.05,0.675,0.09403911907919602,0.5596751524348704,0.46563603335567433,13.707888204416841,1.35
0.05,0.7,0.145536082759736,0.6083845774069638,0.46284849464722777,12.658761310069359,1.4
0.05,0.725,0.2084317584243413,0.6665851302243353,0.458153371799994,12.106225928783978,1.45
0.05,0.75,0.23326997845076267,0.6909780193965456,0.4577080409457829,12.071459722767772,1.5
0.05,0.775,0.2589324680951599,0.7162255656428992,0.45729309754773934,12.027513876946927,1.55
0.05,0.8,0.2828923314089602,0.7401022569528278,0.45720992554386763,11.999457072640123,1.6
0.05,0.825,0.3079175135375716,0.7647831608076976,0.456865647270126,11.944856256789306,1.65
0.05,0.85,0.3308228833324854,0.7876627999925275,0.4568399166600422,11.93291181234486,1.7
0.05,0.875,0.3552299529196537,0.8118742629086073,0.4566443099889537,11.893484156667204,1.75
0.05,0.9,0.37950106836068964,0.8359381400917419,0.45643707173105225,11.816503637186687,1.8
0.05,0.925,0.4038794115178993,0.8601714240505455,0.4562920125326461,11.798283246466296,1.85
0.05,0.95,0.4276422059939445,0.8837457811138488,0.45610357511990446,11.779057055990105,1.9
0.05,0.975,0.45080770857082236,0.9069100105396526,0.4561023019688302,11.760445944878994,1.95
0.05,1.0,0.47337936958517457,0.9294801707404561,0.4561008011552817,11.745445944878993,2.0
0.1,0.5,-0.18700451872824847,0.27169270028843684,0.45869721901668525,10.22554862350425,1.0
0.1,0.5249999999999999,-0.16629097478893012,0.2911118832461542,0.4574028580350843,9.94219082125308,1.0499999999999998
0.1,0.55,-0.14507526661158893,0.311411296429991,0.45648656304158,9.473253817994078,1.1
0.1,0.575,-0.120636494268524,0.33418378812906824,0.4548202823975923,9.20281350603827,1.15
0.1,0.6,-0.0909780180959294,0.3616136114886117,0.4525916295845411,8.787518517403043,1.2
0.1,0.625,-0.054196887082991266,0.3955403033515591,0.44973719043455035,8.27676064479413,1.25
0.1,0.6499999999999999,-0.016096168029785966,0.4306143608161692,0.44671052884595513,7.749821051872479,1.2999999999999998
0.1,0.675,0.0319316445983878,0.4738709967941319,0.4419393521957441,7.216426488563632,1.35
0.1,0.7,0.11074314473039604,0.5445501116915156,0.4338069669611196,6.284293159003764,1.4
0.1,0.725,0.21094046383067128,0.6333367260974657,0.4223962622667944,5.673131431092495,1.45
0.1,0.75,0.24242946946372546,0.663211984583754,0.42078251512002857,5.6041893548938395,1.5
0.1,0.775,0.27664217656833934,0.6954313563086698,0.4187891797403305,5.50884459211448,1.55
0.1,0.8,0.3068830282411297,0.7246905134224522,0.4178074851813226,5.435566886558119,1.6
0.1,0.825,0.33198054547277467,0.7495400476080021,0.4175595021352274,5.416611564918974,1.65
0.1,0.85,0.36023824712441826,0.7772362507341395,0.4169980036097212,5.367516984759749,1.7
0.1,0.875,0.38696243551451653,0.8037829019946064,0.41682046648008997,5.296021069824189,1.75
0.1,0.9,0.4134162526407829,0.8298130588304421,0.4163968061896591,5.269953104851425,1.8
0.1,0.925,0.4404405117747842,0.8564735389347449,0.41603302715996077,5.2392898506219945,1.85
0.1,0.95,0.4668257300963135,0.8825759282149738,0.4157501981186604,5.214822923500268,1.9
0.1,0.975,0.49001538009447765,0.9056316352694825,0.4156162551750048,5.209481271688029,1.95
0.1,1.0,0.5156665981425766,0.9308045933049061,0.4151379951623294,5.198797649754406,2.0
0.15000000000000002,0.5,-0.2321278102462371,0.22123412951992133,0.45336193976615846,6.929301432479916,1.0
0.15000000000000002,0.5249999999999999,-0.20949160099294076,0.2421021394927807,0.45159374048572143,6.641045392903727,1.0499999999999998
0.15000000000000002,0.55,-0.1792593877974072,0.267955225784499,0.4472146135819061,6.330320181156254,1.1
0.15000000000000002,0.575,-0.14834604712585073,0.29538151843848837,0.4437275655643392,6.003935833805715,1.15
0.15000000000000002,0.6,-0.10572997086456333,0.33263214733419416,0.4383621181987575,5.5962678740111045,1.2
0.15000000000000002,0.625,-0.05705176697978666,0.37471663792226656,0.43176840490205326,5.23324547083215,1.25
0.15000000000000002,0.6499999999999999,-0.0015761422166543442,0.42245209322156196,0.4240282354382163,4.877559278471837,1.2999999999999998
0.15000000000000002,0.675,0.06266414378116572,0.4781187698771051,0.41545462609593936,4.423491282269117,1.35
0.15000000000000002,0.7,0.14222030430088237,0.5470999583798459,0.40487965407896365,3.8975147546719304,1.4
0.15000000000000002,0.725,0.23077897840328085,0.6227773793939073,0.39199840099062644,3.5447893928345726,1.45
0.15000000000000002,0.75,0.267053542400154,0.6566482881102867,0.38959474571013275,3.469075006990553,1.5
0.15000000000000002,0.775,0.2977792513326424,0.6859400638239773,0.38816081249133494,3.411915587373153,1.55
0.15000000000000002,0.8,0.3276736840040349,0.714887948133023,0.38721426412898813,3.3504868291459275,1.6
0.15000000000000002,0.825,0.3589271989551589,0.7448105056629406,0.38588330670778176,3.3105400787888835,1.65
0.15000000000000002,0.85,0.38951168040370715,0.7741856017320079,0.38467392132830075,3.2685648517274695,1.7
0.15000000000000002,0.875,0.419364537847516,0.8033198003008618,0.3839552624533459,3.205803482414459,1.75
0.15000000000000002,0.9,0.4466313901424638,0.829895742181219,0.3832643520387552,3.1719565819246403,1.8
0.15000000000000002,0.925,0.47672919427752614,0.8590827451004733,0.3823535508229472,3.132556847890548,1.85
0.15000000000000002,0.95,0.5030343979698807,0.8849499773562185,0.3819155793863379,3.087114473311547,1.9
0.15000000000000002,0.975,0.530138521372337,0.9111431683802559,0.38100464700791886,3.0649471116284315,1.95
0.15000000000000002,1.0,0.5565729157680389,0.9371375622006181,0.38056464643257926,3.0518391222947865,2.0
0.2,0.5,-0.24961848144656074,0.19944838496174927,0.44906686640831,5.051408561958812,1.0
0.2,0.5249999999999999,-0.21967531824015815,0.22400887539045183,0.44368419363060996,4.771535711218632,1.0499999999999998
0.2,0.55,-0.18241153337819144,0.2547078576561008,0.43711939103429226,4.493919167710351,1.1
0.2,0.575,-0.13775698609232603,0.29116693554986467,0.42892392164219073,4.252213495837707,1.15
0.2,0.6,-0.09217265867050264,0.32882462729599704,0.42099728596649966,3.9872156973145643,1.2
0.2,0.625,-0.026650826540649958,0.3828495520349214,0.4095003785755713,3.6244677248220034,1.25
0.2,0.6499999999999999,0.035729280197914486,0.4342855713856677,0.39855629118775326,3.314850747328967,1.2999999999999998
0.2,0.675,0.11306758960070007,0.498368158430386,0.3853005688296859,2.9625915632579756,1.35
0.2,0.7,0.190527158300923,0.5628558189117525,0.37232866061082953,2.6217746648389566,1.4
0.2,0.725,0.2624109943063136,0.6242678849763721,0.3618568906700585,2.4144494293303866,1.45
0.2,0.75,0.30121623996881985,0.659376374713863,0.35816013474504316,2.3447018554620858,1.5
0.2,0.775,0.3321174022696868,0.6883128558841632,0.3561954536144765,2.3024939057732556,1.55
0.2,0.8,0.3632098074629059,0.7177270251508825,0.35451721768797656,2.2689540226128497,1.6
0.2,0.825,0.39047060744719186,0.7434656307629861,0.3529950233157943,2.247024238889123,1.65
0.2,0.85,0.4198396838373454,0.7715218139721707,0.3516821301348253,2.2235011170061107,1.7
0.2,0.875,0.44926178358930036,0.7997599260996295,0.35049814251032907,2.194305404070443,1.75
0.2,0.9,0.48103331076731193,0.8296540426246899,0.348620731857378,2.173701844355632,1.8
0.2,0.925,0.5139776680896686,0.8611254254817192,0.3471477573920506,2.136094407460697,1.85
0.2,0.95,0.5413178410221602,0.8878374928459325,0.34651965182377226,2.1102694809282365,1.9
0.2,0.975,0.5683883264642572,0.9144465297900937,0.3460582033258365,2.0942390445156174,1.95
0.2,1.0,0.5994450924104237,0.9441776391229582,0.34473254671253445,2.0627253507285146,2.0
0.25,0.5,-0.23956228513027727,0.20332915516274194,0.4428914402930192,3.6580931653948476,1.0
0.25,0.5249999999999999,-0.19752609848432273,0.23604999084084044,0.4335760893251631,3.4451626229163734,1.0499999999999998
0.25,0.55,-0.15147144582665345,0.27134150203429963,0.42281294786095314,3.2350288550360156,1.1
0.25,0.575,-0.09527012676212399,0.3146018822798342,0.4098720090419582,3.0042590421758395,1.15
0.25,0.6,-0.03403469102104824,0.3625721135350984,0.3966068045561466,2.741888974232432,1.2
0.25,0.625,0.024096614587693705,0.40874384242483136,0.3846472278371377,2.537595038684411,1.25
0.25,0.6499999999999999,0.09980754314467975,0.4689251891084396,0.36911764596375984,2.27881859342001,1.2999999999999998
0.25,0.675,0.17514015415387285,0.5286332945003889,0.35349314034651597,2.0366605807975438,1.35
0.25,0.7,0.24947715401989531,0.5888263846973645,0.3393492306774692,1.836867980055824,1.4
0.25,0.725,0.3110049882595897,0.640124759685592,0.32911977142600224,1.7105855284675395,1.45
0.25,0.75,0.348752166469249,0.6738932916773213,0.32514112520807226,1.6629411264753358,1.5
0.25,0.775,0.3835285502025221,0.7058813228498954,0.3223527726473733,1.6158279509481706,1.55
0.25,0.8,0.4139281496394875,0.7345142664406001,0.32058611680111265,1.592296471473214,1.6
0.25,0.825,0.44456790262656104,0.7632860480686119,0.3187181454420508,1.574872555596312,1.65
0.25,0.85,0.47232979620962184,0.7900921769108614,0.31776238070123963,1.5530734100702994,1.7
0.25,0.875,0.5005497007534508,0.8174203487438231,0.3168706479903722,1.527237658985738,1.75
0.25,0.9,0.5291572590491439,0.8449957248352844,0.3158384657861405,1.5017333209214956,1.8
0.25,0.925,0.55550161959038,0.8709638346395522,0.31546221504917227,1.4839637445354072,1.85
0.25,0.95,0.5820671892143204,0.8968976812828121,0.31483049206849156,1.47414508362194,1.9
0.25,0.975,0.6123418191680428,0.925816514140165,0.31347469497212205,1.4552057910123748,1.95
0.25,1.0,0.6411557388440456,0.9535302962717342,0.3123745574276886,1.4413278392014615,2.0
0.30000000000000004,0.5,-0.2000261226940247,0.22626785460502158,0.4262939772990463,2.620173387552877,1.0
0.30000000000000004,0.5249999999999999,-0.14880693278685078,0.26337071798921535,0.41217765077606605,2.4159136959646488,1.0499999999999998
0.30000000000000004,0.55,-0.09421509968457131,0.30292826877067797,0.3971433684552493,2.2579919930443544,1.1
0.30000000000000004,0.575,-0.021763862059292118,0.3558728226779621,0.3776366847372542,2.020700345657086,1.15
0.30000000000000004,0.6,0.050133680661088996,0.40891131010493487,0.35877762944384595,1.8446756864523455,1.2
0.30000000000000004,0.625,0.1160242010093222,0.45953507520509895,0.34351087419577675,1.6760045322540826,1.25
0.30000000000000004,0.6499999999999999,0.18834004705167323,0.5163549055691896,0.32801485851751633,1.5211317327260785,1.2999999999999998
0.30000000000000004,0.675,0.25167196082701343,0.566681608701143,0.31500964787412966,1.404449105228758,1.35
0.30000000000000004,0.7,0.31723747931477975,0.619083586034252,0.3018461067194722,1.2838334081004814,1.4
0.30000000000000004,0.725,0.3561205425649584,0.6529606097756211,0.29684006721066264,1.2291139247604153,1.45
0.30000000000000004,0.75,0.39287933782675144,0.6858667764328988,0.2929874386061474,1.190843030963186,1.5
0.30000000000000004,0.775,0.4229798226772153,0.7138652151436103,0.2908853924663951,1.172413388591357,1.55
0.30000000000000004,0.8,0.4570396877031116,0.7449843640381375,0.28794467633502585,1.1494662295643283,1.6
0.30000000000000004,0.825,0.4856816957911193,0.7722824713652676,0.2866007755741483,1.1373989049530953,1.65
0.30000000000000004,0.85,0.5151077122310403,0.7999862781664682,0.2848785659354278,1.1288140225787835,1.7
0.30000000000000004,0.875,0.5425203830952617,0.8264223054230031,0.28390192232774136,1.1163065496652025,1.75
0.30000000000000004,0.9,0.5701112375341997,0.8530983400621472,0.2829871025279475,1.1060432146147088,1.8
0.30000000000000004,0.925,0.5962899702194442,0.8789348518831324,0.2826448816636881,1.0952005780372898,1.85
0.30000000000000004,0.95,0.6232439184160653,0.9051203329397068,0.28187641452364154,1.088836258976101,1.9
0.30000000000000004,0.975,0.648032949325301,0.9296927468387726,0.28165979751347153,1.0874198859802024,1.95
0.30000000000000004,1.0,0.6753757349846621,0.9561965755623753,0.2808208405777132,1.0822360140079765,2.0
0.35000000000000003,0.5,-0.14591819605223738,0.2555306120992745,0.4014488081515119,1.9325111820233754,1.0
0.35000000000000003,0.5249999999999999,-0.08139879725105069,0.2992406863634911,0.3806394836145418,1.7565941410315318,1.0499999999999998
0.35000000000000003,0.55,-0.014729411558222388,0.34635302385940164,0.361082435417624,1.6098469569981613,1.1
0.35000000000000003,0.575,0.05048261677885137,0.3935754913096064,0.343092874530755,1.4537577673319109,1.15
0.35000000000000003,0.6,0.12262826961306357,0.4458804777366612,0.3232522081235976,1.32158154487355,1.2
0.35000000000000003,0.625,0.18907560581615995,0.4954523352515885,0.3063767294354286,1.2321473902692182,1.25
0.35000000000000003,0.6499999999999999,0.2540486382399268,0.5447558888222573,0.2907072505823306,1.1184659222375752,1.2999999999999998
0.35000000000000003,0.675,0.31248974805154905,0.591107425552561,0.2786176775010119,1.0300177914749151,1.35
0.35000000000000003,0.7,0.36469145009600423,0.6336121180882504,0.2689206679922461,0.9686046089702198,1.4
0.35000000000000003,0.725,0.3995573927654828,0.6646740872301784,0.2651166944646956,0.9333989462403697,1.45
0.35000000000000003,0.75,0.43044800789512394,0.6934526298038031,0.2630046219086792,0.9077927915188703,1.5
0.35000000000000003,0.775,0.46416271106610535,0.7240235675959759,0.2598608565298705,0.8823591431569311,1.55
0.35000000000000003,0.8,0.4981824098591033,0.7544611974536454,0.25627878759454203,0.8653706589291931,1.6
0.35000000000000003,0.825,0.5258440459553168,0.7809147910500119,0.25507074509469524,0.8584317297503338,1.65
0.35000000000000003,0.85,0.5532190423160506,0.8072342246014645,0.2540151822854141,0.8484240132398199,1.7
0.35000000000000003,0.875,0.577823498565065,0.831696623347316,0.2538731247822509,0.8460842707379099,1.75
0.35000000000000003,0.9,0.6074299316166617,0.8596983883229564,0.2522684567062946,0.8327165791152714,1.8
0.35000000000000003,0.925,0.6346974931312732,0.8860037742770629,0.2513062811457896,0.8291776006639457,1.85
0.35000000000000003,0.95,0.6592634182139064,0.9103666004067159,0.2511031821928095,0.8296536063809878,1.9
0.35000000000000003,0.975,0.684204867986521,0.9351127814886226,0.25090791350210156,0.824635330363542,1.95
0.35000000000000003,1.0,0.711169636483235,0.9611212163834525,0.24995157990021757,0.8229049552224966,2.0
0.4,0.5,-0.05847509420680432,0.30452543926538134,0.36300053347218564,1.3827041832496272,1.0
0.4,0.5249999999999999,0.0012782379044380704,0.3450695751971694,0.3437913372927313,1.2537899981109215,1.0499999999999998
0.4,0.55,0.07631545338455306,0.39592447531395913,0.3196090219294061,1.1099606858898818,1.1
0.4,0.575,0.1391828461553485,0.440702761525663,0.30151991537031453,1.0040791858347344,1.15
0.4,0.6,0.21346036858648346,0.4932601419045115,0.2797997733180281,0.8964936918648343,1.2
0.4,0.625,0.26915857974594126,0.5352728317981487,0.2661142520522074,0.8249996987220853,1.25
0.4,0.6499999999999999,0.3249844291883978,0.5780546352470468,0.253070206058649,0.7693608879253153,1.2999999999999998
0.4,0.675,0.37232913454009425,0.6162200094524881,0.24389087491239375,0.7280223520337836,1.35
0.4,0.7,0.41264854691986075,0.6504284463984729,0.237779899478612,0.6965517832065604,1.4
0.4,0.725,0.4409309871715334,0.6771671690211488,0.23623618184961548,0.6801163004952389,1.45
0.4,0.75,0.4706391823883126,0.7047872173634842,0.2341480349751715,0.6728269518440447,1.5
0.4,0.775,0.500335823825232,0.7324642812132438,0.23212845738801174,0.6638828922556811,1.55
0.4,0.8,0.5300053497772191,0.7604074137611448,0.2304020639839257,0.6543952647111778,1.6
0.4,0.825,0.5553818628984111,0.7852311313172837,0.22984926841887265,0.6511483186115281,1.65
0.4,0.85,0.5840324996874258,0.8122208802645368,0.22818838057711094,0.6454722433501349,1.7
0.4,0.875,0.6112117077181998,0.8383693556647286,0.22715764794652876,0.6413658383314317,1.75
0.4,0.9,0.6361632788778916,0.8630914378445447,0.22692815896665305,0.6388095404351438,1.8
0.4,0.925,0.6606234540610301,0.8874555640877924,0.2268321100267623,0.6366889707733192,1.85
0.4,0.95,0.6849602961799898,0.9117355783816032,0.2267752822016135,0.6356965095483634,1.9
0.4,0.975,0.7093881749578761,0.9360485679265056,0.22666039296862933,0.6354457376450647,1.95
0.4,1.0,0.7341071703155101,0.9605283132838984,0.2264211429683883,0.6351024664830301,2.0
0.45,0.5,0.021193873574019334,0.3451614462706955,0.3239675726966762,0.9678164014603047,1.0
0.45,0.5249999999999999,0.0982462877482636,0.39480502886455754,0.2965587411162939,0.8546985192522902,1.0499999999999998
0.45,0.55,0.16069367218800662,0.43713275077586344,0.2764390785878568,0.7787163158073247,1.1
0.45,0.575,0.22442752952167916,0.48223299523479934,0.25780546571312013,0.6966131653270018,1.15
0.45,0.6,0.28668242920971837,0.5265146924038926,0.23983226319417422,0.6410948277029108,1.2
0.45,0.625,0.34484512337229184,0.5704054282831057,0.22556030491081386,0.5836622618614303,1.25
0.45,0.6499999999999999,0.3918303370492028,0.6071092528073894,0.21527891575818656,0.554158849401275,1.2999999999999998
0.45,0.675,0.425638105411691,0.6371857581664445,0.2115476527547535,0.5298970823296936,1.35
0.45,0.7,0.45694119634610414,0.6654522212946825,0.20851102494857848,0.5200920277919808,1.4
0.45,0.725,0.4873600069875802,0.6934231385978606,0.20606313161028042,0.5117600237864433,1.45
0.45,0.75,0.5146675582044853,0.7193890255946043,0.20472146739011904,0.5075224568325369,1.5
0.45,0.775,0.5399415746017071,0.7442233248346374,0.20428175023293024,0.5047114361425493,1.55
0.45,0.8,0.5657023729269404,0.769325602403424,0.20362322947648356,0.5024162925132449,1.6
0.45,0.825,0.5904367866312499,0.7939024155544689,0.20346562892321907,0.500013646320961,1.65
0.45,0.85,0.6153845638185953,0.8186245747921784,0.20324001097358324,0.49896655798101,1.7
0.45,0.875,0.6398153894692492,0.8429271976468231,0.2031118081775738,0.49811117004075794,1.75
0.45,0.9,0.665022663137619,0.8677473582548455,0.2027246951172265,0.4971683196095925,1.8
0.45,0.925,0.6896253113431919,0.892164543533063,0.202539232189871,0.4963914785481041,1.85
0.45,0.95,0.7138948351367558,0.9163844912569772,0.20248965612022135,0.49601727089507125,1.9
0.45,0.975,0.738135742187542,0.94057796558512,0.202442223397578,0.4957712130313663,1.95
0.45,1.0,0.7622559241911487,0.9646974152451744,0.20244149105402562,0.4952092214704142,2.0
0.5,0.5,0.11360164998543718,0.3895688869697358,0.2759672369842986,0.657355626611503,1.0
0.5,0.5249999999999999,0.18409569314282864,0.43522980709811254,0.25113411395528384,0.5895124740284109,1.0499999999999998
0.5,0.55,0.24223411705444403,0.47594664025165845,0.23371252319721442,0.5342643478501207,1.1
0.5,0.575,0.2952582924235407,0.514408102033605,0.2191498096100643,0.49271766487046786,1.15
0.5,0.6,0.34611199786905195,0.5519399303337428,0.20582793246469086,0.4559060639709173,1.2
0.5,0.625,0.39137194667982406,0.5870543644661741,0.1956824177863501,0.4264079854306672,1.25
0.5,0.6499999999999999,0.42476191195970747,0.6158352795327984,0.1910733675730909,0.41207236282413173,1.2999999999999998
0.5,0.675,0.4566444598316245,0.6441393364303775,0.187494876598753,0.40307609996340626,1.35
0.5,0.7,0.4869732433855426,0.6715187821403081,0.18454553875476548,0.39610182559293655,1.4
0.5,0.725,0.5127143711007827,0.6964971921728618,0.18378282107207924,0.39275659001207586,1.45
0.5,0.75,0.5380717766833963,0.7214203590293199,0.18334858234592355,0.3909257667579772,1.5
0.5,0.775,0.563034876274847,0.7460011777971506,0.1829663015223035,0.3896054100472892,1.55
0.5,0.8,0.5875731521458735,0.7703303273685,0.18275717522262655,0.3880527003160396,1.6
0.5,0.825,0.6131732142416688,0.7953679566797783,0.18219474243810946,0.3868976500217578,1.65
0.5,0.85,0.6380702093613496,0.8199498708879338,0.1818796615265841,0.38626550250074476,1.7
0.5,0.875,0.6639735661474535,0.8451561001486191,0.18118253400116552,0.3855668699252107,1.75
0.5,0.9,0.689346771883594,0.8701762132731016,0.1808294413895076,0.38526786150832093,1.8
0.5,0.925,0.7140198358067142,0.8946994129455454,0.18067957713883123,0.3851789904977422,1.85
0.5,0.95,0.7382214701136691,0.9188913819459312,0.18066991183226216,0.38498771488492894,1.9
0.5,0.975,0.7624047292887092,0.9430732436800628,0.18066851439135362,0.3849328846936799,1.95
0.5,1.0,0.7865860945139451,0.9672546089032983,0.1806685143893531,0.38487627237483935,2.0
0.55,0.5,0.1997955914219338,0.4272799603091685,0.22748436888723472,0.4486748341336931,1.0
0.55,0.5249999999999999,0.259018709801533,0.4667102204283317,0.20769151062679875,0.4042379933434006,1.0499999999999998
0.55,0.55,0.30976931660853807,0.5022818720896403,0.19251255548110222,0.3688624071770762,1.1
0.55,0.575,0.35279724121026795,0.5359953898681539,0.1831981486578859,0.34510765110620983,1.15
0.55,0.6,0.39089828417928674,0.5668479309307332,0.17594964675144642,0.33122559228249343,1.2
0.55,0.625,0.42628746988889155,0.5963271032185617,0.17003963332967018,0.32078142841049234,1.25
0.55,0.6499999999999999,0.45935529166172095,0.6249506515940755,0.16559535993235466,0.31221043227997564,1.2999999999999998
0.55,0.675,0.486770600185657,0.6508887846997323,0.16411818451407534,0.30796193191068516,1.35
0.55,0.7,0.5140536843752475,0.676654877104397,0.1626011927291494,0.3040443910799947,1.4
0.55,0.725,0.5385455226757246,0.7010400294873669,0.16249450681164224,0.30317365851433,1.45
0.55,0.75,0.5642137020834034,0.7260380230796384,0.161824320996235,0.30264391598171686,1.5
0.55,0.775,0.5903086966042904,0.7513578553364881,0.16104915873219766,0.30064024504649767,1.55
0.55,0.8,0.6154727657190032,0.7762219368882561,0.16074917116925283,0.29904838399034034,1.6
0.55,0.825,0.6403672775365924,0.8008379190014419,0.16047064146484952,0.29874777177042894,1.65
0.55,0.85,0.6653100503706613,0.8254953020776032,0.1601852517069418,0.2983920119139848,1.7
0.55,0.875,0.6897030610740466,0.8498409985809314,0.16013793750688493,0.29803024423369,1.75
0.55,0.9,0.7139962768273491,0.8741260151631669,0.16012973833581784,0.29793246471603124,1.8
0.55,0.925,0.7382816299603654,0.8984092360284525,0.16012760606808704,0.2977788383883745,1.85
0.55,0.95,0.7625641458691392,0.9226912432599607,0.16012709739082137,0.29772852442731346,1.9
0.55,0.975,0.7868454943759543,0.9469725917667757,0.16012709739082137,0.29772852442731346,1.95
0.55,1.0,0.8111294599410955,0.9712544387675492,0.16012497882645388,0.2977206130349083,2.0
0.6000000000000001,0.5,0.261593329781451,0.4510527914819112,0.18945946170046019,0.3033021179479385,1.0
0.6000000000000001,0.5249999999999999,0.3087469988922701,0.48460085870289926,0.17585385981062923,0.28491283022831926,1.0499999999999998
0.6000000000000001,0.55,0.3512720112330059,0.5167236694092683,0.16545165817626234,0.268391787062254,1.1
0.6000000000000001,0.575,0.3918848102143455,0.5482585942362233,0.15637378402187774,0.25288101518562245,1.15
0.6000000000000001,0.6,0.4239509046857653,0.5760250937018052,0.15207418901604,0.24446457245868997,1.2
0.6000000000000001,0.625,0.4531090316266024,0.6023014125087596,0.14919238088215725,0.24015826119846623,1.25
0.6000000000000001,0.6499999999999999,0.4806771984635412,0.6282167126182072,0.14753951415466604,0.2361255294372877,1.2999999999999998
0.6000000000000001,0.675,0.506168021246941,0.6530998788391347,0.14693185759219368,0.23407691693122445,1.35
0.6000000000000001,0.7,0.5320684320464967,0.6782737207685272,0.14620528872203056,0.23241892279164295,1.4
0.6000000000000001,0.725,0.5578217253543187,0.7032360646603127,0.14541433930599393,0.23071764724816837,1.45
0.6000000000000001,0.75,0.5823552079876058,0.7275109332046034,0.14515572521699766,0.23003549061214107,1.5
0.6000000000000001,0.775,0.6066141361846726,0.7517610242514097,0.14514688806673715,0.22961739715969695,1.55
0.6000000000000001,0.8,0.6314901347510309,0.7762611487169955,0.14477101396596453,0.22884838765424695,1.6
0.6000000000000001,0.825,0.6556998080104943,0.8004933221143864,0.14479351410389207,0.2288666524944296,1.65
0.6000000000000001,0.85,0.679957197550187,0.8247506957578017,0.1447934982076147,0.22873795436556604,1.7
0.6000000000000001,0.875,0.7042670621373738,0.8490403973812066,0.14477333524383282,0.22844971217104174,1.75
0.6000000000000001,0.9,0.7285258590981607,0.8732988105232918,0.14477295142513097,0.22836355117803936,1.8
0.6000000000000001,0.925,0.7527841594414896,0.8975571108156188,0.14477295137412932,0.22833056369339153,1.85
0.6000000000000001,0.95,0.7770424823461147,0.9218154152390798,0.14477293289296517,0.2282703807372047,1.9
0.6000000000000001,0.975,0.8013009145000927,0.946073725250573,0.14477281075048032,0.22825328379905518,1.95
0.6000000000000001,1.0,0.8255593974595049,0.9703320457609426,0.14477264830143757,0.22817853657335382,2.0
0.65,0.5,0.3173119057039343,0.4685797636129734,0.15126785790903904,0.20973020153097804,1.0
0.65,0.5249999999999999,0.3549016970737732,0.4978268461935989,0.14292514911982562,0.19761066036876768,1.0499999999999998
0.65,0.55,0.391741198890737,0.5271191994277508,0.1353780005370138,0.18723664076161423,1.1
0.65,0.575,0.4255043438353533,0.5553684539529774,0.12986411011762417,0.17978543313846065,1.15
0.65,0.6,0.4560249027127187,0.5823394672819517,0.1263145645692329,0.17638132263854975,1.2
0.65,0.625,0.48161956504654724,0.6070611589881167,0.1254415939415695,0.1746060698732195,1.25
0.65,0.6499999999999999,0.5063199926441013,0.6315270182460753,0.12520702560197405,0.17416119131051672,1.2999999999999998
0.65,0.675,0.531277779718404,0.6561690114239835,0.12489123170557966,0.17284010741632372,1.35
0.65,0.7,0.5567847340699624,0.6811191218003658,0.1243343877304034,0.17239711443627206,1.4
0.65,0.725,0.5812859284580928,0.7055310545747556,0.12424512611666283,0.17219460679873885,1.45
0.65,0.75,0.6058109289561171,0.7299935911617922,0.12418266220567516,0.1720623808197122,1.5
0.65,0.775,0.6304019191758516,0.7543878594335516,0.1239859402576999,0.17170753614208453,1.55
0.65,0.8,0.6549250038886233,0.7788214306729733,0.12389642678434995,0.17132254688940468,1.6
0.65,0.825,0.6793966989356909,0.8032038718198832,0.12380717288419237,0.17129037503826733,1.65
0.65,0.85,0.7037374863711415,0.8275434124252967,0.12380592605415526,0.1712553315843845,1.7
0.65,0.875,0.7280765087399675,0.8518828796723114,0.12380637093234378,0.1712224368475424,1.75
0.65,0.9,0.7524160195877467,0.8762223905200905,0.12380637093234378,0.1712224368475424,1.8
0.65,0.925,0.776755530532989,0.9005619013678816,0.1238063708348927,0.17121452545513732,1.85
0.65,0.95,0.8014777438807684,0.9251198647156611,0.1236421208348927,0.17119137016029323,1.9
0.65,0.975,0.8258230035019466,0.9494651243134413,0.12364212081149469,0.1711840237012865,1.95
0.65,1.0,0.8501682631521031,0.9738103839127152,0.12364212076061212,0.17117685215797035,2.0
0.7000000000000001,0.5,0.3530962068338162,0.47878137721999653,0.12568517038618027,0.14407075885984869,1.0
0.7000000000000001,0.5249999999999999,0.39031270505982174,0.5077573586416231,0.11744465358180127,0.13616099230661943,1.0499999999999998
0.7000000000000001,0.55,0.4194805303872842,0.5338507972489999,0.11437026686171567,0.13222799671034718,1.1
0.7000000000000001,0.575,0.4465902517326191,0.5590299763395421,0.11243972460692293,0.13007155225682032,1.15
0.7000000000000001,0.6,0.47277311707870845,0.5840267545793527,0.11125363750064425,0.12776480475095525,1.2
0.7000000000000001,0.625,0.4987378301239717,0.6090054315692459,0.11026760144527421,0.1273010918941766,1.25
0.7000000000000001,0.6499999999999999,0.5238415441134967,0.6335599554959772,0.10971841138248044,0.12686475505604825,1.2999999999999998
0.7000000000000001,0.675,0.5482506960956612,0.6579317369374068,0.10968104084174557,0.12673740452496604,1.35
0.7000000000000001,0.7,0.5729544556938119,0.6823927518424345,0.1094382961486227,0.12655149070653338,1.4
0.7000000000000001,0.725,0.5973257984326984,0.7067639216789454,0.10943812324624702,0.12658592688553325,1.45
0.7000000000000001,0.75,0.6218664994579421,0.7312142603690038,0.10934776091106164,0.12639086029308727,1.5
0.7000000000000001,0.775,0.6462410514057003,0.7555880846379314,0.10934703323223105,0.12634275518821178,1.55
0.7000000000000001,0.8,0.6706148606353209,0.779961893819801,0.10934703318448,0.12633622436271544,1.6
0.7000000000000001,0.825,0.694988835772177,0.8043357030027067,0.10934686723052975,0.12630354462415333,1.65
0.7000000000000001,0.85,0.7193626473736857,0.8287095121892861,0.10934686481560044,0.1262968619189943,1.7
0.7000000000000001,0.875,0.7442277799206869,0.8533889657400744,0.10916118581938754,0.12624596461117407,1.75
0.7000000000000001,0.9,0.7686103217989745,0.877771507618362,0.10916118581938754,0.12624596461117407,1.8
0.7000000000000001,0.925,0.7929931145043857,0.9021540510290429,0.10916093652465722,0.12623227910489457,1.85
0.7000000000000001,0.95,0.8173756564240892,0.9265365929487464,0.10916093652465722,0.12623227910489457,1.9
0.7000000000000001,0.975,0.8417581983437927,0.9509191348684499,0.10916093652465722,0.12623227910489457,1.95
0.7000000000000001,1.0,0.8661407402634964,0.9753016767881537,0.10916093652465722,0.12623227910489457,2.0
0.75,0.5,0.3933551273627648,0.4885818257846715,0.09522669842190665,0.09495037407348142,1.0
0.75,0.5249999999999999,0.42172250921874427,0.5145785304195034,0.09285602120075907,0.09292885030963471,1.0499999999999998
0.75,0.55,0.4488154428233453,0.5399526643162712,0.09113722149292589,0.09081953566624791,1.1
0.75,0.575,0.47409534408121523,0.5646896013285391,0.0905942572473238,0.0901534465838707,1.15
0.75,0.6,0.499166568742214,0.5894419381244382,0.09027536938222429,0.08976007048608567,1.2
0.75,0.625,0.5239755011337193,0.6141129351919646,0.09013743405824545,0.0894965009602639,1.25
0.75,0.6499999999999999,0.5486302363117672,0.6386958695941829,0.0900656332824156,0.08932866195110571,1.2999999999999998
0.75,0.675,0.5732029551053675,0.6632611914920132,0.09005823638664573,0.08927811177223441,1.35
0.75,0.7,0.5977707190212784,0.6878264290172923,0.09005570999601384,0.08922648037417946,1.4
0.75,0.725,0.622436339646297,0.7124151627212463,0.08997882307494925,0.0891670424827685,1.45
0.75,0.75,0.6470024375993652,0.7369812028157082,0.08997876521634315,0.08912546820338932,1.5
0.75,0.775,0.6716112332761802,0.7615558109085716,0.08994457763239146,0.08906781896899028,1.55
0.75,0.8,0.696188600587855,0.7861227739942047,0.08993417340634972,0.0889005761214381,1.6
0.75,0.825,0.7207549372751738,0.8106891106815235,0.08993417340634972,0.0889005761214381,1.65
0.75,0.85,0.7453212747908133,0.8352554473688423,0.08993417257802896,0.08889473226917069,1.7
0.75,0.875,0.7698891318028545,0.8598218199776809,0.08993268817482644,0.08887483603335625,1.75
0.75,0.9,0.7944554695165025,0.8843881576913288,0.08993268817482644,0.08887483603335625,1.8
0.75,0.925,0.8190218072301503,0.9089544954049767,0.08993268817482644,0.08887483603335625,1.85
0.75,0.95,0.8435881449437982,0.9335208331186247,0.08993268817482644,0.08887483603335625,1.9
0.75,0.975,0.8681544826574461,0.9580871708322725,0.08993268817482644,0.08887483603335625,1.95
0.75,1.0,0.8927208203710941,0.9826535085459206,0.08993268817482644,0.08887483603335625,2.0
0.8,0.5,0.40951204902911453,0.49090199679661317,0.08138994776749862,0.061611483685163095,1.0
0.8,0.5249999999999999,0.43507696156637704,0.5156218036196653,0.08054484205328827,0.06084428883392399,1.0499999999999998
0.8,0.55,0.4604088056745925,0.5404989278804777,0.08009012220588513,0.060571042828257905,1.1
0.8,0.575,0.48514025294168855,0.5650819518592347,0.07994169891754616,0.06040793675935006,1.15
0.8,0.6,0.5097544323358563,0.5896519786449768,0.07989754630912058,0.0602935035139079,1.2
0.8,0.625,0.5345495474188017,0.6143191774154753,0.0797696299966736,0.060103418672897216,1.25
0.8,0.6499999999999999,0.5591492630214432,0.6388975788343089,0.07974831581286576,0.0600468343292476,1.2999999999999998
0.8,0.675,0.583722377587584,0.6634705626367955,0.07974818504921147,0.059987491174771104,1.35
0.8,0.7,0.6082964707084891,0.6880435464465628,0.07974707573807373,0.05996742792202995,1.4
0.8,0.725,0.632870180370956,0.7126165302960866,0.07974634992513069,0.059948559462150254,1.45
0.8,0.75,0.6574469658859867,0.7371895184155679,0.07974255252958112,0.05986293763155413,1.5
0.8,0.775,0.6819751489581725,0.7617334514877536,0.07975830252958112,0.05986293763155413,1.55
0.8,0.8,0.706547195780358,0.786305498309939,0.07975830252958112,0.05986293763155413,1.6
0.8,0.825,0.7311192426025434,0.8108775451321245,0.07975830252958112,0.05986293763155413,1.65
0.8,0.85,0.7556912894247289,0.8354495919543099,0.07975830252958112,0.05986293763155413,1.7
0.8,0.875,0.7802633362469146,0.8600216387764957,0.07975830252958112,0.05986293763155413,1.75
0.8,0.9,0.8048353830691001,0.8845936855986812,0.07975830252958112,0.05986293763155413,1.8
0.8,0.925,0.8294074298912857,0.9091657324208668,0.07975830252958112,0.05986293763155413,1.85
0.8,0.95,0.8539794767134712,0.9337377792430523,0.07975830252958112,0.05986293763155413,1.9
0.8,0.975,0.8785515235356567,0.9583098260652377,0.07975830252958112,0.05986293763155413,1.95
0.8,1.0,0.9031235703578423,0.9828818728874233,0.07975830252958112,0.05986293763155413,2.0
0.8500000000000001,0.5,0.43176024492960297,0.4938001992019648,0.06203995427236177,0.037273400785005774,1.0
0.8500000000000001,0.5249999999999999,0.45717108058269246,0.5186057149849944,0.061434634402301916,0.03670287536014867,1.0499999999999998
0.8500000000000001,0.55,0.4819253261362322,0.5433080208097434,0.06138269467351117,0.036656220349075064,1.1
0.8500000000000001,0.575,0.5066211326966655,0.5680038399374586,0.06138270724079312,0.036656220349075064,1.15
0.8500000000000001,0.6,0.5313181780967088,0.592699659065202,0.06138148096849322,0.03662673583486912,1.2
0.8500000000000001,0.625,0.5560139972244255,0.6173954781929187,0.06138148096849322,0.03662673583486912,1.25
0.8500000000000001,0.6499999999999999,0.5811477969559855,0.6423382648279385,0.06119046787195315,0.036596433173413524,1.2999999999999998
0.8500000000000001,0.675,0.6058531148339832,0.6670435827059362,0.06119046787195315,0.036596433173413524,1.35
0.8500000000000001,0.7,0.630558437640408,0.6917489005839339,0.06119046294352597,0.0365907136584284,1.4
0.8500000000000001,0.725,0.6552637555184054,0.7164542184619314,0.06119046294352597,0.0365907136584284,1.45
0.8500000000000001,0.75,0.6799690733964031,0.7411595363399291,0.06119046294352597,0.0365907136584284,1.5
0.8500000000000001,0.775,0.7046743912744009,0.7658648542179269,0.06119046294352597,0.0365907136584284,1.55
0.8500000000000001,0.8,0.7293797091523985,0.7905701720959244,0.06119046294352597,0.0365907136584284,1.6
0.8500000000000001,0.825,0.754085027030396,0.815275489973922,0.06119046294352597,0.0365907136584284,1.65
0.8500000000000001,0.85,0.7787903449083935,0.8399808078519195,0.06119046294352597,0.0365907136584284,1.7
0.8500000000000001,0.875,0.8034956627863913,0.8646861257299172,0.06119046294352597,0.0365907136584284,1.75
0.8500000000000001,0.9,0.828200980664389,0.8893914436079149,0.06119046294352597,0.0365907136584284,1.8
0.8500000000000001,0.925,0.8529062985423865,0.9140967614859126,0.06119046294352597,0.0365907136584284,1.85
0.8500000000000001,0.95,0.877611616420384,0.93880207936391,0.06119046294352597,0.0365907136584284,1.9
0.8500000000000001,0.975,0.9023169342983817,0.9635073972419075,0.06119046294352597,0.0365907136584284,1.95
0.8500000000000001,1.0,0.9270222521763793,0.9882127151199054,0.06119046294352597,0.0365907136584284,2.0
0.9,0.5,0.4446333958120913,0.4962689718604665,0.05163557604837513,0.01978839074486935,1.0
0.9,0.5249999999999999,0.4694973594250655,0.5210823493333834,0.05158498990831788,0.019766213185704425,1.0499999999999998
0.9,0.55,0.494393158951944,0.5458960229286601,0.051502863976716086,0.019704810665407697,1.1
0.9,0.575,0.5192076526361558,0.5707094785163317,0.05150182588017601,0.01969932820926735,1.15
0.9,0.6,0.5440211082238222,0.5955229341039983,0.05150182588017601,0.01969932820926735,1.2
0.9,0.625,0.568839203484605,0.6203363897088162,0.05149718622421119,0.019681531399596226,1.25
0.9,0.6499999999999999,0.5936526590729577,0.6451498452971689,0.05149718622421119,0.019681531399596226,1.2999999999999998
0.9,0.675,0.6184787199188945,0.6699633008931056,0.05148458097421119,0.01967593229545289,1.35
0.9,0.7,0.643292175507528,0.6947767564817393,0.05148458097421119,0.01967593229545289,1.4
0.9,0.725,0.6681056310961614,0.7195902120703725,0.05148458097421119,0.01967593229545289,1.45
0.9,0.75,0.692919086684795,0.7444036676590062,0.05148458097421119,0.01967593229545289,1.5
0.9,0.775,0.7177325422734288,0.7692171232476399,0.05148458097421119,0.01967593229545289,1.55
0.9,0.8,0.7425459978620621,0.7940305788362733,0.05148458097421119,0.01967593229545289,1.6
0.9,0.825,0.7673594534506957,0.8188440344249068,0.05148458097421119,0.01967593229545289,1.65
0.9,0.85,0.7921729090393289,0.8436574900135401,0.05148458097421119,0.01967593229545289,1.7
0.9,0.875,0.8169863646279627,0.868470945602174,0.05148458097421119,0.01967593229545289,1.75
0.9,0.9,0.8417998202165965,0.8932844011908075,0.05148458097421119,0.01967593229545289,1.8
0.9,0.925,0.8666132758052297,0.918097856779441,0.05148458097421119,0.01967593229545289,1.85
0.9,0.95,0.8914267313938632,0.9429113123680745,0.05148458097421119,0.01967593229545289,1.9
0.9,0.975,0.9162401869824967,0.9677247679567079,0.05148458097421119,0.01967593229545289,1.95
0.9,1.0,0.9410536425711303,0.9925382235453416,0.05148458097421119,0.01967593229545289,2.0
0.9500000000000001,0.5,0.4590877809431263,0.4978089388012131,0.038721157858086684,0.007294002302694004,1.0
0.9500000000000001,0.5249999999999999,0.4839782278831869,0.5226993857412736,0.038721157858086684,0.007294002302694004,1.0499999999999998
0.9500000000000001,0.55,0.5088686748232476,0.5475898326813342,0.038721157858086684,0.007294002302694004,1.1
0.9500000000000001,0.575,0.5337591217633084,0.572480279621395,0.038721157858086684,0.007294002302694004,1.15
0.9500000000000001,0.6,0.558814568703369,0.5974607265614555,0.038646157858086685,0.007288403198550666,1.2
0.9500000000000001,0.625,0.5837344906726771,0.6223549235307637,0.03862043285808669,0.007283033782743106,1.25
0.9500000000000001,0.6499999999999999,0.6086286876139078,0.6472491204719943,0.03862043285808669,0.007283033782743106,1.2999999999999998
0.9500000000000001,0.675,0.6335228845551382,0.6721433174132249,0.03862043285808669,0.007283033782743106,1.35
0.9500000000000001,0.7,0.6584170814963688,0.6970375143544555,0.03862043285808669,0.007283033782743106,1.4
0.9500000000000001,0.725,0.6833112784375991,0.7219317112956858,0.03862043285808669,0.007283033782743106,1.45
0.9500000000000001,0.75,0.7082054753788297,0.7468259082369164,0.03862043285808669,0.007283033782743106,1.5
0.9500000000000001,0.775,0.7330996723200605,0.7717201051781472,0.03862043285808669,0.007283033782743106,1.55
0.9500000000000001,0.8,0.7579938692612909,0.7966143021193776,0.03862043285808669,0.007283033782743106,1.6
0.9500000000000001,0.825,0.7828880662025214,0.821508499060608,0.03862043285808669,0.007283033782743106,1.65
0.9500000000000001,0.85,0.8077822631437517,0.8464026960018384,0.03862043285808669,0.007283033782743106,1.7
0.9500000000000001,0.875,0.8326764600849824,0.8712968929430691,0.03862043285808669,0.007283033782743106,1.75
0.9500000000000001,0.9,0.8575706570262133,0.8961910898843,0.03862043285808669,0.007283033782743106,1.8
0.9500000000000001,0.925,0.8824648539674437,0.9210852868255304,0.03862043285808669,0.007283033782743106,1.85
0.9500000000000001,0.95,0.907359050908674,0.9459794837667607,0.03862043285808669,0.007283033782743106,1.9
0.9500000000000001,0.975,0.9322532478499044,0.9708736807079911,0.03862043285808669,0.007283033782743106,1.95
0.9500000000000001,1.0,0.9571474447911351,0.9957678776492218,0.03862043285808669,0.007283033782743106,2.0
1.0,0.5,0.4486661175126748,0.5000000000000001,0.05133388248732529,0.0,1.0
1.0,0.5249999999999999,0.47366611751267473,0.525,0.05133388248732529,0.0,1.0499999999999998
1.0,0.55,0.49866611751267464,0.5499999999999999,0.05133388248732529,0.0,1.1
1.0,0.575,0.5236661175126749,0.5750000000000002,0.05133388248732529,0.0,1.15
1.0,0.6,0.5486661175126747,0.6,0.05133388248732529,0.0,1.2
1.0,0.625,0.5736661175126748,0.6250000000000001,0.05133388248732529,0.0,1.25
1.0,0.6499999999999999,0.5986661175126748,0.6500000000000001,0.05133388248732529,0.0,1.2999999999999998
1.0,0.675,0.6236661175126745,0.6749999999999998,0.05133388248732529,0.0,1.35
1.0,0.7,0.6486661175126749,0.7000000000000002,0.05133388248732529,0.0,1.4
1.0,0.725,0.6736661175126745,0.7249999999999998,0.05133388248732529,0.0,1.45
1.0,0.75,0.6986661175126746,0.7499999999999999,0.05133388248732529,0.0,1.5
1.0,0.775,0.723666117512675,0.7750000000000002,0.05133388248732529,0.0,1.55
1.0,0.8,0.7486661175126745,0.7999999999999998,0.05133388248732529,0.0,1.6
1.0,0.825,0.7736661175126747,0.825,0.05133388248732529,0.0,1.65
1.0,0.85,0.7986661175126742,0.8499999999999994,0.05133388248732529,0.0,1.7
1.0,0.875,0.8236661175126747,0.8749999999999998,0.05133388248732529,0.0,1.75
1.0,0.9,0.8486661175126752,0.9000000000000006,0.05133388248732529,0.0,1.8
1.0,0.925,0.8736661175126749,0.925,0.05133388248732529,0.0,1.85
1.0,0.95,0.8986661175126744,0.9499999999999998,0.05133388248732529,0.0,1.9
1.0,0.975,0.9236661175126744,0.9749999999999994,0.05133388248732529,0.0,1.95
1.0,1.0,0.9486661175126747,1.0,0.05133388248732529,0.0,2.0
