sample_id,delta_v,Value_High,Value_Low,LH_Ratio,theta_post,epsilon,p_high,p_low,learning_rate,extinction_rate
0,0.7517366101967916,0.9595286558218259,0.20779204562503423,0.018331254073990257,0.9766997666981422,0.3801957350196178,0.9616231168819778,0.5,0.31909705841419755,0.11809123296664281
1,0.3512742318845591,0.768788647279803,0.417514415395244,2.6759887550302865,0.2417662932527851,0.3185339287822264,0.9820396225891881,0.5,0.4410061220535114,0.6098708094225075
2,0.30609536403853993,0.7905578476261512,0.4844624835876113,0.2850221131662881,0.8636212965699608,0.8637576707745845,0.8374406566748476,0.5,0.7357576983159544,0.22275365813138726
3,-0.057000919233338956,0.3909294788064252,0.4479303980397642,4.260913803367996,0.17206618466113854,0.8704149724889354,0.5300693289007575,0.5,0.6712380191408013,0.6110179811110102
4,-0.09582769822781856,0.02507918842396094,0.12090688665177951,8.681084160937102,0.06013731275422918,0.9777692736076393,0.719475813373391,0.5,0.0031322874578293414,0.25126710549130427
5,0.5481490174801344,0.7786671256056658,0.23051810812553133,0.1431686696575605,0.8584904374223306,0.42529835119631765,0.8679094970198336,0.5,0.15347417112811557,0.9922592294876191
6,-0.018908506309213566,0.45962888016397024,0.4785373864731838,4.702692394756198,0.18233178284895335,0.9401129022827245,0.5434415276365931,0.5,0.8289891999288848,0.2810522629658764
7,0.31881080891500824,0.8115035169670314,0.49269270805202325,0.3130340630560872,0.8690915111825115,0.9764165742940587,0.9208568287232834,0.5,0.37050842977068854,0.48266943701385
8,0.12407027692439132,0.6057840895717739,0.4817138126473825,19.178767271934404,0.09218154684827984,0.22668310505425948,0.7682831183756561,0.5,0.4489107889121219,0.30550076965751194
9,0.30937781684319143,0.6913869595721972,0.38200914272900577,0.08037039048691595,0.9473596032886419,0.7510338363593166,0.7360242299361179,0.5,0.7463378032369892,0.8553998778375781
10,0.017550691391611705,0.4034580628300075,0.3859073714383958,2.5159731841081014,0.2935015581362097,0.7333144993171773,0.9044153512811456,0.5,0.024833211267027866,0.5125494476917045
11,0.22874917422204763,0.7251865478772962,0.4964373736552486,0.40622935436821334,0.6127856803773065,0.2803489516290337,0.7260658632870314,0.5,0.9886345634286613,0.0059781688730145
12,0.14834022874425853,0.619218358532047,0.4708781297877884,4.2752980548278465,0.20128828557628275,0.25687579634137636,0.6703724195281737,0.5,0.32649449538067055,0.19835820718308184
13,0.06070561814907781,0.5272792240813916,0.46657360593231384,0.2537699972984713,0.8292149093742202,0.6371216286308995,0.5427203678313687,0.5,0.6811760056464958,0.13441008942863109
14,0.7591125124809476,0.8960777063313919,0.13696519385044442,0.014140109876230638,0.9565136908680434,0.13652397740514988,0.8988510694871551,0.5,0.30470772739383534,0.2342060522066809
15,0.2672035879470253,0.5026733265017888,0.2354697385547635,0.09776599928548561,0.8930081662176329,0.37753650395330374,0.5381727258105702,0.5,0.4616133222332174,0.8738239607364897
16,0.12619837763924352,0.5739878496198947,0.4477894719806511,2.7050121261870044,0.3506094910196108,0.8235205516449388,0.973599537183576,0.5,0.29784009061862315,0.619161016367253
17,0.2769953985777005,0.7118978245929659,0.4349024260152654,1.4301873188234682,0.3017574296201845,0.17484645112507746,0.7477525976088235,0.5,0.6872615770719864,0.2481547794756681
18,0.25880469704498066,0.5201439177129172,0.26133922066793663,0.4761272735889593,0.6220465943861858,0.3156556907796485,0.6386082086041869,0.5,0.27959526911855404,0.9488350155396007
19,-0.020950961115255552,0.3969771204723768,0.4179280815876324,3.9167286769745338,0.2020173512975978,0.5654784146623666,0.6901515652128003,0.5,0.1275536679476561,0.9513395513366475
20,0.43353239005722033,0.8392742282996956,0.40574183824247523,0.17236944332827478,0.7288273572721244,0.17554499781764055,0.8463795467907478,0.5,0.5564015705845731,0.1024941347304994
21,0.05017813604391423,0.5374640235590314,0.4872858875151172,32.54490187590188,0.043693241312568465,0.3926905066752112,0.8455270306413691,0.5,0.6690315985377017,0.5915547336476866
22,0.19313661506248542,0.49742637774033416,0.3042897626778488,0.14631537971943992,0.8790005515634676,0.5376576529462347,0.5489111988301423,0.5,0.9622800892721934,0.7981039042202183
23,-0.3515050714479362,0.14473970145399817,0.49624477290193436,78.53466666666667,0.006753772081126819,0.9458115437886523,0.8277112927778804,0.5,0.15258465984492742,0.5886323190849075
24,0.054614665072270877,0.39969429588701844,0.3450796308147476,1.128235756131659,0.5037655996150194,0.17380898198029437,0.5314251491666577,0.5,0.03190525603462713,0.23815560012051462
25,0.08739624979465974,0.4632228014386649,0.3758265516440052,1.0178678883351602,0.5154296535544239,0.6023578195926511,0.6414797658403927,0.5,0.8947055744396657,0.7231912274435535
26,0.46816859235438163,0.5227996963945893,0.0546311040402076,0.01471548863654919,0.926541415360381,0.05899723480765795,0.525073731653495,0.5,0.12208044152906072,0.5311501483237562
27,0.7344360485115179,0.9901347564959317,0.25569870798441385,0.038887611770751104,0.9131380419328305,0.18246727027158915,0.9957493551966521,0.5,0.3229556341470833,0.191315705661408
28,0.02539952827265678,0.3941194045000079,0.3687198762273511,1.0153159286314104,0.4968664343329384,0.31440532074782923,0.5151523292340905,0.5,0.5890203488734043,0.6340383820561487
29,0.8221235170611878,0.8664758169031032,0.04435229984191538,0.0023388056878483983,0.9663444843354702,0.014879684354945466,0.8665799921709766,0.5,0.5016849210767741,0.12093655368094158
30,0.3304224086953988,0.6796445290959213,0.34922212040052253,0.23879978629073007,0.8579403861447054,0.7024108748899226,0.7843070143109996,0.5,0.09035270116837701,0.7270797710217943
31,0.4867292664020617,0.808860814412171,0.32213154801010924,0.7251876907332699,0.4886337017858914,0.28049914197264403,0.9426651334048824,0.5,0.43944916614681173,0.6416481212367472
32,0.4380572794817195,0.5986332055277606,0.16057592604604104,0.2742943435512988,0.6310390607112448,0.008436724109673222,0.6108291737432499,0.5,0.22026902777150836,0.741137213731608
33,0.6787125099545255,0.8522659125269383,0.1735534025724128,0.03668281494737571,0.9415540094377698,0.2664372993571338,0.8736366542122447,0.5,0.8093563205857559,0.806808892199511
34,-0.06232285622308563,0.4191992528048402,0.4815221090279258,46.620787561037176,0.05453266664014589,0.0989362827796747,0.7766132845492864,0.5,0.7309312365146728,0.68247104416692
35,0.15865644100922596,0.5593793065532051,0.4007228655439792,0.3519552920092864,0.7625913088397134,0.5994125259668276,0.6177386864627697,0.5,0.9116758383084868,0.4140805996096143
36,0.6976463264613527,0.9170139468365452,0.21936762037519233,0.22811128152286386,0.7234640804720515,0.2659508736226315,0.9901847887403825,0.5,0.04691841858884371,0.49411580843726843
37,-0.03090516247075934,0.36705658621448306,0.39796174868524237,1.6662096586314132,0.37052911735880145,0.6555742562392315,0.5000230642938648,0.5,0.8589758799289435,0.6828099697865743
38,0.0709925156177563,0.39917239963371204,0.3281798840159557,2.419460957251007,0.33203330622393856,0.024816198996279404,0.5211014583282607,0.5,0.9430113130768059,0.918612069649056
39,0.055906273831111776,0.48485998548977793,0.42895371165866614,2.175938815597302,0.31472696748617557,0.37222095921341636,0.6333748715071035,0.5,0.5915185219817075,0.46307961444510737
40,0.11513871085047259,0.48205487591065727,0.3669161650601847,0.1976113993548702,0.8353303278541164,0.49543394887902736,0.5088572616491536,0.5,0.1340384128921932,0.33240096973759226
41,0.2309179696701557,0.6039300420453454,0.37301207237518974,1.066505901480593,0.501302700176149,0.5433687111510539,0.8474244504840063,0.5,0.3749016269856693,0.7553478000631786
42,0.1287755553234526,0.5656218330847459,0.43684627776129326,1.2879920667892872,0.5284797390305905,0.8646314617295584,0.7804244984166624,0.5,0.49996188893873217,0.5297378685908173
43,0.1685730303855084,0.16899184004851595,0.00041880966300757735,0.0021710052343336585,0.9856219600534821,0.06128137476085671,0.5224234476907791,0.5,0.003908803571132213,0.10581117524912098
44,0.2031934386896265,0.5511669702514118,0.3479735315617853,1.2901399399854594,0.39443773431221696,0.20483087058181149,0.7409826844744191,0.5,0.6384682176882427,0.7674322004927275
45,0.377482429957762,0.4980283629110126,0.12054593295325058,0.08211125126297744,0.8305478565079546,0.12693949286635864,0.5221335908173173,0.5,0.46655555555589956,0.9602674866562589
46,0.06977988705533589,0.4707481592944358,0.4009682722390999,3.03894119172537,0.2578057775431516,0.44411075269662514,0.7795041896450553,0.5,0.1253289326120659,0.9285013782441608
47,0.2210042678996858,0.5804427410993859,0.3594384731997001,0.6949983439160909,0.5797090367101411,0.46253341076194,0.7216968680311291,0.5,0.2750260949420541,0.6199291860598937
48,0.11647351886757056,0.5944890615469074,0.4780155426793368,0.16617813226550923,0.9190121773612433,0.9206824672995794,0.628031781634254,0.5,0.30592414838381254,0.3678516973255723
49,-0.040921056443631344,0.41991066489384943,0.46083172133748074,2.0191055244198415,0.3510971544340512,0.4328077318550706,0.5016310449279295,0.5,0.3139589934382695,0.2636495988780184
50,0.3092272947209206,0.6477404366226271,0.33851314190170656,0.7582916241049588,0.5724130346219248,0.49101865736349193,0.8598444301481907,0.5,0.8511134618682391,0.7883326713593806
51,0.17012347298858163,0.6666965137580998,0.49657304076951825,2.036813561037315,0.541047256271901,0.9462853065779718,0.8231930025724835,0.5,0.22633227006398804,0.16245723932669276
52,-0.001309665011718364,0.3887348472582444,0.3900445122699628,2.581402469495379,0.35475218903972816,0.24564884197568038,0.7339311490166888,0.5,0.03867473626763773,0.7820402618145678
53,-0.03533176233146224,0.4486362909500506,0.4839680532815128,4.835699426677467,0.16813430171514465,0.5888460335882814,0.5022045874405512,0.5,0.717539473189256,0.17843253251494096
54,0.53796888062897,0.7751305820556805,0.23716170142671053,0.06355946453572121,0.9188934239089979,0.3525373097427149,0.8061902925439357,0.5,0.49856376817696246,0.6833087228064715
55,0.10388090384826772,0.5519356951250141,0.4480547912767463,4.480964229235932,0.19772449239997125,0.326029415258865,0.7168002795440782,0.5,0.2912231278736208,0.47287356212130993
56,-0.0677425810807851,0.42246747021514963,0.49021005129593476,10.037578802561388,0.10414793256147525,0.43790767209667414,0.5105898428847669,0.5,0.9130701967113313,0.20684557846225482
57,0.23662823030288851,0.5982076237193354,0.3615793934164469,1.41774500262769,0.36411991248750064,0.1811150107805911,0.79256785089147,0.5,0.8929909611083425,0.7328981015133247
58,0.29935228673543113,0.6187219853874555,0.31936969865202436,0.02488244046578684,0.9436318202446927,0.19478391643174175,0.6205397708401251,0.5,0.8700922896581261,0.13381813183509295
59,0.14332070625451016,0.5916078538981095,0.44828714764359934,2.416871594980406,0.3628867555863514,0.013603477793374896,0.6168054416655147,0.5,0.308516398445407,0.12123040278660357
60,0.49692630653591446,0.7094642678798202,0.21253796134390573,0.03696846026822054,0.9532596460813101,0.3578161495423058,0.7362639617609128,0.5,0.8152840420040159,0.8894865435980451
61,0.09993009025861274,0.514095511761478,0.41416542150286534,1.0681117479746964,0.5875947287605575,0.8840913884710668,0.777001398254608,0.5,0.24232922524642908,0.7494723432260733
62,0.10524772276927655,0.5211587784310784,0.4159110556618019,3.0856024051641673,0.25905945846783873,0.5768936531105772,0.9678423059502528,0.5,0.07058502224996377,0.8930235769918714
63,0.31736231227275874,0.5996008743428715,0.2822385620701128,0.8598347434700576,0.5196075885224554,0.08411214575049175,0.6870721193770677,0.5,0.09298038040764922,0.6677876684877214
64,0.7682329651339093,0.818603063553776,0.050370098419866796,0.0014062112817635646,0.9963128409400628,0.18919840503050023,0.818814726957152,0.5,0.8124864307487146,0.23535668444773317
65,0.23430747726566,0.6075010937954481,0.37319361652978805,0.6709019599856221,0.6599126011282496,0.8741106932749152,0.8397988876839684,0.5,0.8231961666977146,0.8423842995450286
66,0.5449749762571872,0.6861976602502777,0.1412226839930905,0.04568944864693812,0.8752372718593787,0.12192929887761572,0.6939664972653411,0.5,0.12655460953726205,0.39495739949026176
67,0.1342809837954118,0.4786098739990587,0.3443288902036469,0.12510197103689333,0.9156185390780902,0.7552285911134368,0.5314776018220535,0.5,0.5340042893939971,0.97601756233806
68,0.1413903865518366,0.637944289677176,0.4965539031253394,0.98765615190958,0.688909306345193,0.9889903232653222,0.6978801206178507,0.5,0.8043124327206201,0.13202827256710492
69,-0.08397494780440677,0.2975649463495662,0.381539894153973,3.938902795602588,0.19513468816110213,0.552990919209225,0.9077875411996226,0.5,0.01978694715965046,0.30303269536752997
70,0.05901584879656282,0.5408524396828065,0.4818365908862436,2.034448814434784,0.3644016966275252,0.6089637720006883,0.5938937950598893,0.5,0.6215893397162934,0.13184208596272062
71,0.01949363583473436,0.3981189452137238,0.37862530937898947,1.4383069929441938,0.41578995843040567,0.42942153361020063,0.5649726164329352,0.5,0.3941790480397217,0.7389790561462793
72,0.2482416167086389,0.7112512050219428,0.463009588313304,0.8658289985541672,0.6401645431995976,0.7916100083108021,0.8273148141233914,0.5,0.8018499414738639,0.29746046571860085
73,0.4011914715066773,0.8146331018879452,0.41344163038126797,0.8773175016882689,0.4147528907570791,0.22421747935676684,0.8622435953683742,0.5,0.8589045669217408,0.2572775093089621
74,0.47253738960934283,0.7953272038000684,0.32278981419072555,0.4751998823257996,0.6132288873327232,0.32518820980267016,0.9104420522964296,0.5,0.7819920905916081,0.5625811723559758
75,-0.16017253862874098,0.27827657319321675,0.4384491118219578,13.999510541491272,0.20639368755957643,0.03550846308731315,0.5484361200260297,0.5,0.7246927394558362,0.7572003887897886
76,0.21378833355079002,0.5563475732356543,0.34255923968486435,0.7507078432981111,0.5494408603748127,0.38475357615133354,0.6981247093987989,0.5,0.605742340298426,0.6776561516259686
77,0.022364282120975902,0.4834263424042386,0.46106206028326274,8.981880288828819,0.10687729598910822,0.826181653461176,0.8435403675014004,0.5,0.955652855895584,0.8362043318606388
78,0.00938637294516087,0.5003659719579272,0.4909795990127662,0.9734549809799742,0.5021436367692447,0.41844841649764186,0.5070380958160277,0.5,0.1322474692778668,0.02855199579968737
79,0.2856358300068475,0.6784841056087819,0.39284827560193436,0.7191384742626438,0.61833246047731,0.5945679401890848,0.8630581574491238,0.5,0.5457030130470067,0.5765213825515124
80,-0.0016879597469722173,0.33096758074312616,0.33265554049009843,1.194039423578561,0.42585002040512177,0.8413294751489283,0.5348700123626564,0.5,0.025117418738278552,0.465663988144965
81,0.235411456579769,0.7116069783167862,0.4761955217370172,0.6565640750727545,0.7101896323126484,0.7716572271919283,0.7800245542524716,0.5,0.8152771726350869,0.1996873895717739
82,0.19508697409262923,0.6818284859644167,0.4867415118717874,6.563839760815381,0.21651424793987906,0.8602094595521997,0.9983004971435756,0.5,0.6034786592753244,0.2699870012073343
83,0.05165998202616014,0.42243680313997845,0.37077682111381827,0.9662887838672971,0.5457816357107362,0.9351231593466321,0.6094765575053434,0.5,0.5799732670424318,0.8336545257236992
84,0.22087876153795077,0.6285155284135038,0.40763676687555306,0.9990441932271092,0.5374584311599752,0.5745474706213802,0.8108559481755163,0.5,0.06857310586617082,0.48909486399522784
85,0.5858680260752585,0.7879452012813597,0.20207717520610124,0.29491364993893987,0.5955205191909322,0.056575389463239034,0.8336009167703937,0.5,0.9352481913503573,0.715281157054074
86,0.4435470061688288,0.7224374064107734,0.27889040024194456,0.18752726078631426,0.9031689191178401,0.8446531958299068,0.8487085710586129,0.5,0.05733549583146891,0.9751941867605356
87,0.044744760505804525,0.506827003378916,0.4620822428731114,0.8234117105768165,0.628573819064729,0.9500589159858897,0.5783168370492991,0.5,0.569405650770936,0.28355890163441355
88,-0.34821376671198123,0.14682324435981026,0.49503701107179143,47.72625,0.021864277108044616,0.6556791099232829,0.5970648462051933,0.5,0.10362592026263762,0.3428364413802436
89,0.20716623560177946,0.6313986724703129,0.4242324368685334,2.4642465590535045,0.31828045342402267,0.2668312566662342,0.7801791889695973,0.5,0.09092000598719596,0.3887122837114898
90,0.16822568549822264,0.6164214571827797,0.4481957716845571,1.7402732843460214,0.46072408363197004,0.8658200711959935,0.8904831202039045,0.5,0.617296928151139,0.5112323314637326
91,0.4455508171914313,0.7044301376869468,0.2588793204955155,0.05845127466826181,0.944797625886538,0.4959754106181353,0.7365956718807525,0.5,0.3033182741988407,0.8830424882392529
92,0.08720902752841915,0.5389256740272101,0.451716646498791,0.9963437949716795,0.5228826787779112,0.5507880349100587,0.6099210248601163,0.5,0.5219789070734232,0.2435984880705515
93,0.22994226102758533,0.5202670764031374,0.29032481537555205,0.8500678775139825,0.4277293920981975,0.09793144330012427,0.610613518909674,0.5,0.8781735673167488,0.8296084506570305
94,0.20969611108348424,0.4784978019155942,0.26880169083211,0.28217426376667853,0.7211175618082445,0.32379037517235254,0.5381900459421716,0.5,0.17571673341786997,0.69511441039566
95,0.05599175995625237,0.5215291578941295,0.4655373979378771,0.23151700796715163,0.7738579235888061,0.37903887162983774,0.5265614867600047,0.5,0.41830989983852285,0.061726679525274664
96,0.023263830452064947,0.43743081680180307,0.41416698634973803,1.6282100377846949,0.3992607359562719,0.9263772413729255,0.6050485118317864,0.5,0.47234335866453836,0.620246225575715
97,-0.03799163824316202,0.4311748092421717,0.46916644748533376,3.0819538812904517,0.27384240710459373,0.3475493912909027,0.5315161622407613,0.5,0.5090033575949123,0.2518590985942397
98,0.4875519477681921,0.9168539443238843,0.42930199655569234,0.21987129438487468,0.7683008214506227,0.3481634925878886,0.9332778007140867,0.5,0.21584711390857259,0.11660090732329254
99,0.28004745548725685,0.7366840853185674,0.45663662983131054,2.3552701859965106,0.3226232965586784,0.5589963753243979,0.9245644370710541,0.5,0.7855469782356815,0.3281719145649007
100,0.3692050075605921,0.7318545319522312,0.3626495243916391,0.04129247304665426,0.9777385757653552,0.9000837863343493,0.7583876463497268,0.5,0.3748557321477308,0.9844090066992953
101,0.0027455007658263087,0.37255011741361727,0.36980461664779096,1.5918910870515706,0.3917137365205571,0.6438596630855716,0.5602776898551425,0.5,0.7271065333659913,0.871877019420377
102,0.0030075633476141896,0.3450456802687332,0.342038116921119,0.9300364266482501,0.5608655605719456,0.850042212634386,0.5022870899446135,0.5,0.028134592113153722,0.38981191985476127
103,0.07653601870281934,0.5754928711482112,0.49895685244539195,1.7668371649922583,0.3115584109903381,0.361047610404465,0.5765237158717298,0.5,0.9954054432226817,0.004477434381204626
104,0.3283902116058453,0.7375149139839461,0.40912470237810084,0.39684522334743716,0.6438091893198296,0.33017839070729316,0.7712993633430576,0.5,0.9694326636089894,0.19857704499420703
105,0.05207507157539705,0.4728834442017219,0.42080837262632487,0.7709607133433188,0.6039561401963014,0.7252011813747838,0.5653255655944611,0.5,0.8267306700441266,0.44230474358817107
106,0.14919075298736661,0.6410541116978071,0.4918633587104405,25.7106834858661,0.09481180470934414,0.12689168797181216,0.7375074443751919,0.5,0.6242510047855668,0.10435682927443302
107,0.16185821026590114,0.5857350672985445,0.42387685703264333,1.6478223730501902,0.3334123504120514,0.2857482327874137,0.6731513447235775,0.5,0.5002882789866075,0.347216232281795
108,0.4345214058456879,0.5791359455916097,0.14461453974592184,0.1392014329035047,0.7238932132515836,0.08566160959014746,0.5992405876149112,0.5,0.36432601352459726,0.7901235478796054
109,-0.2520333774506951,0.14668511200344742,0.39871848945414257,9.285353156260665,0.12530699216590435,0.42087118531240797,0.8404876709693714,0.5,0.017806154370228033,0.018742570388991298
110,0.4017538540199751,0.6760625681725334,0.2743087141525583,0.5527221972916422,0.5734864378873318,0.28882072633293476,0.8362187684326133,0.5,0.5103279065211088,0.8929512919152063
111,0.33300636810600726,0.727619201412954,0.39461283330694674,0.8467637200343144,0.5939010067545889,0.6332378423905037,0.9776402297375848,0.5,0.4488620255849005,0.6445340194063457
112,-0.008776267208817598,0.4201408248840296,0.4289170920928472,1.1720491398202204,0.46227029000654263,0.5900513332818648,0.5024047453533835,0.5,0.25644525627104586,0.3703266965938561
113,0.5864612200755746,0.85962397882818,0.2731627587526054,0.19187769630814544,0.7884065270541968,0.3281075188351529,0.933676512138115,0.5,0.7522893424357401,0.617033898407652
114,0.8422322784659458,0.9293679452722493,0.0871356668063035,0.046936578537428844,0.9753007681696778,0.9099850259309554,0.9449093237663252,0.5,0.043094711628272386,0.03638376425969947
115,0.2656609730465781,0.7635895289205916,0.4979285558740135,0.5129898192317015,0.8082631215533228,0.9783974538943209,0.82945333530251,0.5,0.6372264871334441,0.19014918118289814
116,0.10671916752484996,0.43755129144391375,0.3308321239190638,1.3729909657450472,0.4103572764217098,0.3712148071669761,0.6426641680734734,0.5,0.9380837674902583,0.991714291930053
117,0.40438023601054524,0.8143695015638819,0.40998926555333676,0.8935382101566066,0.5609230116494431,0.5584108151689487,0.9811833412699462,0.5,0.04917930032422091,0.28759564196358833
118,0.03897165317347944,0.41422226347318025,0.37525061029970075,1.477429557886457,0.4033298670774149,0.3926699629952367,0.6097547722951868,0.5,0.7121528016666714,0.7923873890072658
119,0.35437150181667715,0.713325961928801,0.35895446011212395,0.06315371216556707,0.8700923247585794,0.18312302066286246,0.7151247597419145,0.5,0.27561173223103397,0.059720426974334107
120,0.5612180141861025,0.8763686566646021,0.31515064247849955,0.3852072374543127,0.6328894007851799,0.29307696789005355,0.9503615342272868,0.5,0.08389195794668136,0.44925849573621135
121,0.038992095662265296,0.4743933542703981,0.4354012586081327,3.9574029989513555,0.21022236377779824,0.6194502081707578,0.7686347595894886,0.5,0.32337943084026444,0.7477258733056238
122,0.5038831841127452,0.6197955372419358,0.11591235312919057,0.0687121970028698,0.7975982750458557,0.05088225022782589,0.6299579599862075,0.5,0.6422911753106322,0.6713813344744467
123,0.1943370641444932,0.493847309030847,0.2995102448863539,1.4602396274165759,0.4230024106274648,0.048790385004594095,0.6138457162910165,0.5,0.4052801997056269,0.8498071223523165
124,0.3916782811171496,0.8716662284436639,0.47998794732651423,0.33468714935844046,0.8534508900776195,0.9529887965540885,0.9944647885741595,0.5,0.6412838943676137,0.47164475356724456
125,0.2913802441912746,0.775623943910957,0.4842436997196824,4.551411021184076,0.19114178063001674,0.0780850122451886,0.7868563687179781,0.5,0.6169526822976635,0.08486492574393689
126,0.6659727865555958,0.7720866993439623,0.1061139127883666,0.05346714864604406,0.8187401252230957,0.034995424684489795,0.7801940156428091,0.5,0.9991351562562921,0.6246320672213098
127,0.08883532293666511,0.4859933291431286,0.39715800620646347,2.5898836182872444,0.2979003118352006,0.8741994381781306,0.8398559681682809,0.5,0.8837857589103718,0.9777702007201592
128,0.18612813313992452,0.6609728665130691,0.4748447333731446,1.0998645651195287,0.5365228359778941,0.6254657207885637,0.7168058972154845,0.5,0.8692790924143139,0.14118515681813937
129,0.18858645805658775,0.5022927709841624,0.3137063129275746,0.49363034817191326,0.6637150521364223,0.455637304477693,0.6315116113186319,0.5,0.8286257786607304,0.8183116635924921
130,-0.07007884807964015,0.3539476972053675,0.42402654528500766,4.02436137383867,0.1984259351313642,0.5576523337727001,0.5834340559939029,0.5,0.26743206845969547,0.8742526707946248
131,-0.454852219938848,0.0444660087620756,0.49931822870092357,98.85516666666668,0.00745913834386569,0.12618686529707723,0.550846205327191,0.5,0.5832280283989965,0.8372805091156226
132,0.06662479680315887,0.43652039608563087,0.369895599282472,0.6386402505345105,0.6375773767220596,0.6905499842811677,0.5538852539565855,0.5,0.8148315666602548,0.6907129559750944
133,0.3970838886026037,0.5605685190407158,0.16348463043811207,0.022820157626546527,0.9439844170543601,0.1586684510374402,0.5661304773615987,0.5,0.7940916025433855,0.507977371672943
134,0.4709422790118147,0.7633590060570946,0.29241672704527993,0.31831037778230076,0.6162090671587517,0.1742569597632676,0.8027271626093387,0.5,0.6751662466317009,0.44162423333680445
135,0.3588260476648122,0.7077424850213093,0.34891643735649713,0.48777023494592553,0.6417111492572095,0.42460761392350943,0.7794746492189186,0.5,0.04301606474591613,0.18066076606996062
136,0.2977003095311101,0.6887298263958475,0.3910295168647373,4.129911319472789,0.19481004205069075,0.07456810786722379,0.9566745625963636,0.5,0.878751236208176,0.9458349900430953
137,0.36694029099876985,0.8592672555705327,0.4923269645717629,0.2612113463591098,0.8864436978291886,0.9906560076225235,0.9323281794292284,0.5,0.8160642911601975,0.36917737416238405
138,0.0906684143717769,0.548524518309881,0.4578561039381041,3.064503229494688,0.2995489979538938,0.863015427768448,0.7971638562083996,0.5,0.503586419927882,0.4636318644048787
139,0.7390350832432386,0.9419587606327037,0.20292367738946515,0.022673007001298144,0.9802408794336729,0.559517134842072,0.9559185305714526,0.5,0.2857041901162567,0.6432599558982687
140,0.06709808625620406,0.5560017403805194,0.48890365412431536,0.8891235364517719,0.6080992591938024,0.678350443107727,0.577880173151033,0.5,0.7746451589922505,0.06792951890377619
141,-0.041682470316585216,0.40358114873697176,0.44526361905355694,3.2036307434668436,0.2479446367479765,0.49441324716663015,0.5620560290888115,0.5,0.6210728878723247,0.5078686065275654
142,0.1299061020631966,0.6210518292197469,0.49114572715655036,3.4500308290775243,0.3032829092043129,0.7068461969895469,0.709127964385881,0.5,0.5126309313294982,0.11019296038691129
143,0.4349742593137229,0.5746753663884456,0.13970110707472266,0.010036602410822432,0.9921831904022878,0.6329921349640666,0.5790671206565148,0.5,0.36222082138708434,0.749393449928149
144,0.31148477211632014,0.6718193779229436,0.36033460580662335,0.11373235850960754,0.9095738321364213,0.5661241889053344,0.7044135972687631,0.5,0.2769386949693089,0.5061934596438411
145,0.11189087037669151,0.5079475306659003,0.3960566602892087,2.4973592652963736,0.2876614304674562,0.2687899536391066,0.6978145605574357,0.5,0.38469769571230183,0.6821999950049392
146,0.7209419448584592,0.8873824605823332,0.166440515723874,0.08506600594381655,0.7472481822834253,0.028109778094494775,0.8919582902713723,0.5,0.6092726405692658,0.3950683444940156
147,0.7545175959149708,0.8738518211326181,0.11933422521764714,0.04774744155589469,0.8803407859217295,0.11696056590932791,0.895732880842119,0.5,0.8349288790166123,0.7469809318483712
148,0.06462952537631929,0.5554903756118634,0.49086085023554415,48.703095233541276,0.11188863179689312,0.024989982742711803,0.8715270112477274,0.5,0.5370977842178069,0.12741276630861043
149,0.05864403521149501,0.48736285294274423,0.4287188177312492,4.494798553468176,0.19050678944288846,0.5202790404624407,0.846982243958762,0.5,0.6209647735874974,0.8812758112383277
150,0.7337224048062094,0.855698530575298,0.12197612576908853,0.06785844038712421,0.8188083167152246,0.07194382394819265,0.8745787297243773,0.5,0.8878696842523512,0.6621502496578986
151,0.2266598885073318,0.5842995779284232,0.3576396894210915,0.831717701005515,0.5562193496219398,0.5267338487635924,0.7967163254252547,0.5,0.7027249862877067,0.764894942385031
152,0.042720721365779216,0.4731380127606709,0.4304172913948917,2.7675223353944296,0.2702923548496302,0.3110323584933856,0.6605893024189666,0.5,0.6325157589021009,0.5408416648010202
153,0.5670437397946839,0.6468851157436436,0.07984137594895975,0.05642761557133793,0.8106289662528028,0.046123053766862765,0.6562574825503367,0.5,0.1454216259334743,0.8998180888636115
154,0.29610673075841815,0.6622279798676546,0.36612124910923644,0.3627225375340377,0.7061202178518309,0.39806548225967486,0.7317073727952027,0.5,0.813781830229861,0.40832364291043055
155,-0.10703822492760821,0.3636431778857594,0.47068140281336757,10.718873418248418,0.07409524008053758,0.8921742036179466,0.5232562724877735,0.5,0.8483880711004617,0.7517175477637124
156,0.27353855046159914,0.7599094181878094,0.48637086772621024,2.4994269613250726,0.28308738250434495,0.0064577476454704685,0.7638292645242459,0.5,0.3712260403607127,0.03626221638170413
157,0.05111379989111183,0.48721455942451364,0.43610075953340177,1.6499770907319509,0.4879130109790186,0.9491740711670712,0.8111353817216485,0.5,0.15499124812505627,0.6924461663505669
158,0.042272998131241746,0.47696418493491316,0.4346911868036714,1.1029830218352958,0.5771432406729092,0.9181406244253746,0.6678763576373927,0.5,0.17473716897236224,0.5641440474786626
159,0.555196133699426,0.566567097754825,0.011370964055399155,0.0007274788703360133,0.9982729459939736,0.20095627030187269,0.5669060558374992,0.5,0.3256172253708788,0.9066920484677949
160,0.23190941300976037,0.6084120628059734,0.37650264979621306,2.025738800672969,0.3310028136053018,0.4596284665706226,0.9722613624837066,0.5,0.42120304619604865,0.9450326824884717
161,0.23663001545520804,0.6030197187057971,0.366389703250589,2.239939118972383,0.2795233008835185,0.1880992682131124,0.8643866746223784,0.5,0.578268861654185,0.9581017261196407
162,0.09781384411807041,0.5608742646867172,0.4630604205686467,0.29028735567588154,0.7608365624745493,0.45449361612329275,0.5711743221923911,0.5,0.5928241399824867,0.08677901669679078
163,0.24420835628627818,0.5128369110958213,0.26862855480954306,0.02483142458398698,0.9694822688278576,0.3872077390984091,0.5178772488080837,0.5,0.613752607622784,0.4542063706624837
164,0.02674139029699483,0.5097616061814192,0.48302021588442423,1.9612668222809901,0.45808208275677675,0.9541155020326128,0.6500530453634421,0.5,0.15091028644855986,0.23362744704469507
165,0.028558104072350477,0.5142495221878333,0.4856914181154828,35.33513228438228,0.04653876306393956,0.3485285808395272,0.8928404679260431,0.5,0.5069637500598747,0.6709075819873254
166,0.42827146239970154,0.7722322159788795,0.34396075357917794,0.9397954821552625,0.4432996039556728,0.20328132823783984,0.9454424602584428,0.5,0.8571207536605466,0.5958280096262559
167,0.001460538798570804,0.48582371951574677,0.484363180717176,1.1492052863557891,0.4821594289805313,0.8832287856284678,0.5083375303642876,0.5,0.17474885187923295,0.08127252542200569
168,0.15133073062411673,0.6390904072832564,0.4877596766591397,3.5777560809720668,0.266584362557429,0.6869371592918178,0.8198144986621232,0.5,0.10593169175287542,0.1651308319013992
169,-0.02627768082205533,0.44343056372350337,0.4697082445455587,12.967695082695084,0.052291629913831406,0.9091489648030775,0.7484010821870374,0.5,0.16675339492481134,0.9724916180240912
170,0.2832554286506296,0.7259628312533468,0.44270740260271735,0.8258397683876094,0.5955874564732152,0.6121689433789214,0.8419603098313944,0.5,0.7575610419549936,0.31290857818231876
171,0.628372030673611,0.844750565483835,0.21637853481022412,0.2516877054030083,0.6310014979528207,0.11764279795554866,0.8843385547298487,0.5,0.44921454880860623,0.6294241317591378
172,0.0484422606919588,0.5373887165717115,0.48894645587975266,6.81598472068867,0.15784289851452515,0.8317878450023024,0.7574837174622306,0.5,0.22804463772116224,0.25072949078087325
173,0.018757157650720644,0.46868720596969987,0.4499300483189793,7.361941385058982,0.12921378814800233,0.5329552375363779,0.8270435668165284,0.5,0.6874628302525987,0.8580290272137355
174,0.3914509473277895,0.6949580551598178,0.3035071078320282,0.47218029962479485,0.6856974073448631,0.5100242621664247,0.9004450516024994,0.5,0.3001854523244051,0.9519946016796816
175,0.15903809056530135,0.6410501892135478,0.48201209864824646,1.1684219336021693,0.5890671845072011,0.8226760527649366,0.7255189364586083,0.5,0.8586258989667714,0.18595591008187373
176,0.29839105145573075,0.7755180051617447,0.477126953706014,2.50429360124274,0.2466582523427021,0.32752478780718064,0.8149615875288452,0.5,0.35025993862598104,0.13025353617663182
177,0.06839378303543572,0.46065962583985715,0.39226584280442145,3.308040986086165,0.26557533503417674,0.1500613546334566,0.7092026786496912,0.5,0.44540884310746176,0.8708972602114669
178,0.25846034556543973,0.6824852056962775,0.42402486013083773,0.04650468912483921,0.9724149850121918,0.8337234603534607,0.7049527330149843,0.5,0.6361028769421321,0.6234891901696085
179,0.2353939153338107,0.6412142394999893,0.40582032416617864,0.3862837082040388,0.6293591292309786,0.2846782404530903,0.6644266719305482,0.5,0.6848300337568712,0.19096363990235388
180,0.41588896021807614,0.7498902687915316,0.3340013085734555,0.3079191235494228,0.7740624410064857,0.5177164297577665,0.8717056257100684,0.5,0.2083199186364476,0.6809030813712413
181,0.511897179611082,0.8242473981173697,0.31235021850628764,0.21820740065638403,0.8296230277890991,0.5259239178785386,0.9424286117584681,0.5,0.6280300239336615,0.8121414559039363
182,0.23269546983137626,0.7279271550613879,0.4952316852300117,0.29598144538128046,0.8703147069005943,0.9332895712237655,0.7544598103536244,0.5,0.3102128884920775,0.13686716996614479
183,0.2244106585017366,0.7154043224103233,0.4909936639085867,0.11903728639259692,0.8696541093847476,0.3870733646190848,0.7164061508666628,0.5,0.9041579733982954,0.014057572146016772
184,0.4327449404764111,0.8701300032152959,0.43738506273888483,1.0076257975173528,0.4991543074631011,0.49248997017513385,0.990449200182129,0.5,0.754343353956281,0.2805632539313594
185,0.24454775331451048,0.5802702426628447,0.33572248934833415,0.3015138072309831,0.7528569731316852,0.42361095832823625,0.6405137608109479,0.5,0.8927801416786658,0.5180174166111104
186,0.2120632008906806,0.5648394701575615,0.3527762692668809,0.24141969627305015,0.8108292451258774,0.5186703900682674,0.6192370364903929,0.5,0.9511182526563039,0.5112065187518289
187,-0.3247424064075507,0.17422819632029052,0.49897060272784116,91.92816666666667,0.005484641568857751,0.5833499329757271,0.5009600492295431,0.5,0.6791704550881731,0.33413296297721806
188,-0.02966884297754342,0.3603744819712204,0.39004332494876387,1.8418469247022582,0.337227443283845,0.6286676298904161,0.5265657646839328,0.5,0.14599302826442273,0.7712518362853933
189,0.42134235634216977,0.7540562651677336,0.33271390882556384,0.14606347793118607,0.9013696880012313,0.6569173095767565,0.8214421608992488,0.5,0.1239982987141548,0.6604729102213899
190,0.16811075448433796,0.6469232113777943,0.4788124568934563,2.295069001481897,0.3910538965863565,0.7490667210810156,0.7673817259147837,0.5,0.9064305856411761,0.20364838282282838
191,0.64241232067141,0.7577103974689784,0.11529807679756847,0.09031999169436254,0.8038233961965903,0.13051060742230602,0.7936394780146321,0.5,0.18464252837275963,0.9973936636075788
192,0.19801093535406783,0.661467142318672,0.4634562069646041,1.392801060992301,0.5386781330112211,0.8706949094039993,0.8623548291684409,0.5,0.6541190188983581,0.3871011320310057
193,0.16306262880359118,0.6142117124135129,0.4511490836099218,2.7515510132167504,0.26166534493595184,0.41875649622880073,0.7880531929974148,0.5,0.8776357082612425,0.3989098756555579
194,-0.4466001112560515,0.050022959051506145,0.4966230703075577,89.93483333333333,0.009386107120344378,0.40969422519777976,0.7687356636592597,0.5,0.09149772652306254,0.8663257199853711
195,0.12068725727220671,0.6040905536351855,0.48340329636297874,1.031199387512101,0.6636256847544867,0.907098511646611,0.7768567447742277,0.5,0.1323923250847563,0.355781936013848
196,0.058462734914673395,0.5484444621728521,0.4899817272581787,19.431568376068377,0.056997233545039605,0.5748994305466063,0.812250017662067,0.5,0.3606504785116845,0.41801464862799265
197,0.0017941300740609539,0.4249149755354713,0.4231208454614103,3.9124570299440213,0.21500300776849723,0.774944634730588,0.7485444303719909,0.5,0.7974524129134627,0.9062668159997552
198,0.37774654468693225,0.7653671553176562,0.387620610630724,0.32963154814089035,0.693016458710771,0.3483478617547877,0.8049602375906247,0.5,0.6251985917258639,0.26089755903826084
199,0.0005406474515402465,0.4514513700867635,0.4509107226352233,5.045533411340978,0.1714527345167265,0.5691485223569077,0.6909928879758465,0.5,0.3599972763853133,0.6307016004813131
200,0.3203516197444587,0.7696457954042744,0.44929417565981555,0.24137070162914517,0.8850016930616783,0.9120581383343762,0.9299805213327782,0.5,0.2899890786649688,0.9462275884479229
201,0.149659337041457,0.47691722725287355,0.3272578902114166,1.0649594105905478,0.46504697534104766,0.356911443580205,0.6843684556806937,0.5,0.991901642071356,0.9700552140678173
202,0.4640135580481467,0.6350663637249568,0.17105280567681014,0.05455868882882867,0.7847187953865045,0.004162913632507759,0.6352668070161833,0.5,0.3488371453483756,0.2684677479858111
203,0.406715291154821,0.6313641047673502,0.22464881361252922,0.05483133666843874,0.9390815396702813,0.416476446762843,0.6613804509368564,0.5,0.3285689926419251,0.9088507111418899
204,0.11002939329782731,0.4205531408368784,0.3105237475390511,0.529497793419836,0.6358160373490153,0.3376116928853503,0.5304955511665749,0.5,0.6389313335714873,0.8095214453912978
205,0.474211711481349,0.7413052735100802,0.26709356202873125,0.5443138885304225,0.46905911903831066,0.049584743306356316,0.7578939381578418,0.5,0.39885200747166305,0.5734109496017602
206,0.005162230405798785,0.42706739567243546,0.4219051652666367,4.4797549308086095,0.23061719370013367,0.11265136364660389,0.6539978148126759,0.5,0.6436074321766931,0.690246371438716
207,0.7401285209161172,0.828844035569347,0.0887155146532298,0.023810291475245184,0.8725340343325051,0.022150346850632552,0.8310867634081494,0.5,0.7008848615537105,0.4543855778606183
208,0.06225100130804545,0.5532700362126426,0.4910190349045972,13.68665154290154,0.07494720211535588,0.7660355684341442,0.8343144905812725,0.5,0.28110282041890977,0.3400064651343295
209,0.5748692482790821,0.7571820754487886,0.18231282716970648,0.018431686337184085,0.95914491377503,0.20784576007147737,0.7625181816317361,0.5,0.739664228327075,0.4711382972129724
210,-0.011682939631896757,0.38211511346432847,0.39379805309622523,2.6334675981048052,0.30540802231123154,0.3656826986231456,0.6317948682729684,0.5,0.1553833126712486,0.9100593759156639
211,-0.09459879530337796,0.381497842815192,0.47609663811856995,6.558517368396474,0.10053650510137857,0.7313489495151639,0.583651306456773,0.5,0.08203820671599749,0.32507771320243395
212,0.41435946980236127,0.6434730348980905,0.22911356509572928,0.07816732558698578,0.8812552479602535,0.24269385323332882,0.6697785967693304,0.5,0.8076006568898564,0.5593152034227543
213,0.3759973370586105,0.7976117231264929,0.4216143860678823,0.7454241415730773,0.4523934505450611,0.1587798425813809,0.8148150298464254,0.5,0.1358548059271515,0.16913047497184508
214,0.03267859113581503,0.500913823960709,0.4682352328248941,4.171376850066596,0.22866595517333865,0.9921037778199584,0.7501031320952893,0.5,0.28095226681067387,0.44341064725213675
215,-0.25339101520483054,0.23434636717602259,0.4877373823808531,24.40459566087507,0.08798074569816006,0.26136176048198334,0.570819027759331,0.5,0.21836860690845916,0.527147027312913
216,0.0211785754123578,0.4271466572240553,0.4059680818116974,2.225811601363659,0.33055402215350893,0.9232108288374511,0.6772617496888746,0.5,0.5880265107311651,0.8188971137278109
217,0.3753420335547999,0.7810207749721042,0.4056787414173043,0.04970784034834377,0.9708394397157927,0.8359094523055418,0.8134360927149862,0.5,0.6110476189291295,0.8473857545106134
218,0.13312383319561866,0.6173745393690273,0.48425070617340865,5.664912652622725,0.21207696919792574,0.8651372636029185,0.8251155964807753,0.5,0.7753956672359311,0.2722748637701796
219,0.18122521668942054,0.6116244286104456,0.43039921192102515,0.04927795936361976,0.9628791473698347,0.6308431361688464,0.6117800442205079,0.5,0.4156622051035824,0.005466804964346039
220,0.30068154766163574,0.6354853284762441,0.33480378081460827,0.033783979156464965,0.9712537409222182,0.5709281036884427,0.6463407952830298,0.5,0.6851216314414014,0.5658211062774675
221,-0.4136846630086309,0.0025326168376155335,0.4162172798462464,99.23116666666667,0.001129515260787417,0.6239828089405554,0.9613896593034212,0.5,0.01777510196371912,0.9164580133204485
222,0.46095188892694755,0.8808055227662269,0.41985363383927937,0.8804137496156862,0.3835738234603223,0.14662956271095628,0.9064346711531439,0.5,0.9645725508496856,0.2092945149419303
223,0.05381889498748558,0.418629083307642,0.3648101883201564,0.7265100047744759,0.5800593899387456,0.46012932980693555,0.5226332266706197,0.5,0.4906966841766729,0.6044589293641542
224,0.004249752594402118,0.3427417590160406,0.33849200642163846,0.9815599797165995,0.5139543084960981,0.7965423151956256,0.5157025026819544,0.5,0.21026338486035911,0.9796350019287158
225,0.09306153734594018,0.486998647294714,0.3939371099487738,0.2274880465704062,0.8171049993097792,0.5021785041636422,0.5178612087652955,0.5,0.7828095119276428,0.33909205134293785
226,0.44522893171465927,0.6399985388884913,0.1947696071738321,0.23334892280917666,0.6851084480258685,0.17874302428422573,0.6956100965242851,0.5,0.31842497843050876,0.8399091170591247
227,0.20717985289057675,0.6012746965282735,0.39409484363769665,0.8682297245776031,0.3898959803767741,0.05607844294522979,0.6103771874609423,0.5,0.6363761277778289,0.24001758427872144
228,0.2107745945411116,0.5514774078755489,0.34070281333443736,1.1681790004170745,0.42394703481771245,0.3155851846534402,0.7305654788653777,0.5,0.33561297358939746,0.796062328000994
229,0.11505761018357619,0.42953809089843825,0.3144804807148621,0.6415728490719799,0.569637561682602,0.18857599061796793,0.536560405889414,0.5,0.7065506189034111,0.7118585550534513
230,0.28796761440894814,0.7175714240583136,0.4296038096493655,0.3806986970953635,0.6975048118800795,0.42945957103410637,0.7494365685619252,0.5,0.6991754878004076,0.17910659715439037
231,0.5010713576429422,0.699145417607397,0.19807405996445485,0.42623986920353446,0.5248427736227558,0.025796482190603376,0.712937257650954,0.5,0.3693804227134736,0.7652939364881562
232,0.1576471106809379,0.6150434757479386,0.4573963650670009,0.660359464444596,0.6538838737453381,0.6105462614768724,0.672449356472157,0.5,0.1997007812665138,0.21006777056847725
233,0.14479245939818766,0.5736175890956651,0.42882512969747744,5.462595387256119,0.1655335775617659,0.27307890176569904,0.9436419128166758,0.5,0.9291461433817371,0.8691216502942303
234,-0.013608766563807806,0.4533465755515397,0.4669553421153475,9.611495815201312,0.10085024596667969,0.7795924819870511,0.7314978290120396,0.5,0.8507783708331496,0.7160243874589082
235,0.10051123421719832,0.5986441599101695,0.4981329256929712,0.8172676802819794,0.7132413294321224,0.8944789281930295,0.6143025902448185,0.5,0.930794376435454,0.038416340073551214
236,0.09438152820315071,0.4841900856147718,0.3898085574116211,1.2147322448978808,0.49964657610876084,0.9492858494557747,0.7414482568578452,0.5,0.9309986790441224,0.8465113853159391
237,-0.06802136938996114,0.3810792770534581,0.4491006464434193,7.321301793107135,0.08979765252842187,0.941509452947947,0.5125210943596692,0.5,0.49907409727345864,0.85115905314844
238,0.25838061106788246,0.702564734232618,0.4441841231647355,0.2514070878258388,0.8409512992889069,0.6494605819786655,0.7428248593825493,0.5,0.3672699024596111,0.27145088136368223
239,0.21606013161910834,0.5550132838054906,0.33895315218638233,0.6982445877721493,0.5642962297737851,0.43048752085710285,0.6889220403265188,0.5,0.16928734842232984,0.680821629684182
240,0.13372986564122696,0.513813042084023,0.38008317644279604,0.876219753404462,0.5573378323426416,0.5993017207636595,0.6799774360501207,0.5,0.5377194094601053,0.6589648155021345
241,0.11889714389466839,0.5769236300234962,0.45802648612882785,0.05599119980689963,0.9635175824625672,0.7238757971136239,0.5800589253272384,0.5,0.5287382875287657,0.10060975770514968
242,-0.41571723276839057,0.08404289776944902,0.4997601305378397,98.279,0.007141880613381502,0.1759398193115238,0.7418982931007536,0.5,0.5057099835900465,0.1311940715059129
243,0.1517422385736257,0.474794195932683,0.32305195735905734,0.41152345063140955,0.7286518217700952,0.5848416595241831,0.5999263332349007,0.5,0.8067799353109312,0.8644791907925791
244,0.4170630453199614,0.8433573662384102,0.4262943209184488,0.1590998224023654,0.8999076915025689,0.7087572484417569,0.8971610341032656,0.5,0.7357934104778809,0.4494749923560316
245,0.22403775030312553,0.7223094723820166,0.4982717220788911,5.324957819858875,0.16579947636814474,0.43164964662343597,0.7670183527533141,0.5,0.17917804109769997,0.017958048105906177
246,0.14832062473493493,0.6335299980187352,0.48520937328380026,0.7208030891981736,0.7313194942966095,0.9805879300663287,0.7417916786810599,0.5,0.5965476630116113,0.3029808452621239
247,0.2834303332958311,0.6744248992512843,0.39099456595545323,0.7674682014827566,0.6309653618188926,0.6824529741489053,0.9321405506745808,0.5,0.41970437832452434,0.7296429024849631
248,-0.3448727268838221,0.15167724620526482,0.4965499730890869,78.6072261904762,0.016278288022613108,0.38604842257399163,0.5058089806568431,0.5,0.35070433571427095,0.5726767328578681
249,0.15315855902458572,0.5991611495959209,0.44600259057133523,0.39201804141916696,0.7896013402787997,0.7283202346470605,0.6650032803436925,0.5,0.351104995553291,0.3468027471886067
250,0.22099960587999382,0.6787116117580844,0.4577120058780905,0.2256228971812407,0.6754988827780888,0.16183649820011636,0.679249022041197,0.5,0.14524298321621776,0.009682375964800038
251,0.4884051069217465,0.9618567046297397,0.47345159770799305,0.9988345078910811,0.34107142548650415,0.08724856686255889,0.9663347787884966,0.5,0.7697546060805486,0.06462673662911678
252,0.2211483996184825,0.6415302949193753,0.42038189530089276,0.8900740371204512,0.6214124150605544,0.829860871277066,0.8920335337651,0.5,0.5786082278365088,0.6605276202049837
253,0.4912532377301961,0.9108223525815063,0.4195691148513102,0.17511304015178558,0.8405212390542137,0.45605325958809617,0.9351431638181127,0.5,0.2963942009511915,0.18589655134286676
254,0.08173517791679179,0.48138557147112737,0.3996503935543355,0.5058482686893191,0.7655942707630297,0.904198197208124,0.670147912725882,0.5,0.1556529678870644,0.966417388881108
255,0.20375609449483525,0.7000778677662947,0.49632177327145943,3.310065047688469,0.36533359061867254,0.8504712683573583,0.8696567270860163,0.5,0.08840677031685273,0.07314896690716444
256,0.028967467825463094,0.4814202094404254,0.4524527416149623,0.31898811352574,0.8074660531408422,0.8058807057783925,0.5107946541636592,0.5,0.41843482961070044,0.24480353038908098
257,0.37368361180211906,0.7427409862984203,0.36905737449630127,0.4223553440239072,0.7466704789790484,0.652461977485771,0.9215237486076875,0.5,0.62318324169767,0.7430238827276517
258,0.08768644638324688,0.4725046885548744,0.3848182421716274,0.17076949396555444,0.8829511953382928,0.7175540994050512,0.5128335450123345,0.5,0.899868204689378,0.5731028141349407
259,0.004582373289746278,0.4540746105377148,0.4494922372479685,1.8383027729350225,0.35251399108973047,0.9192403249020711,0.5799689368523033,0.5,0.11137946362108808,0.3767741454989675
260,0.48015993502810356,0.5518649868276662,0.07170505179956246,0.023071067890066087,0.9046273265231797,0.06059654108561696,0.5566210348701651,0.5,0.9583552755217634,0.8000216415593737
261,0.06271131407432391,0.5476297983147344,0.4849184842404105,23.035279581529583,0.0455522847224048,0.9496775683020797,0.8943765203716807,0.5,0.7303446990226151,0.7291211055350721
262,0.2813929745099364,0.729778285024022,0.4483853105140857,2.04600833503811,0.2847104146264473,0.23261649255613237,0.771395917064698,0.5,0.24806818619482673,0.22608702987447538
263,0.2294557987262214,0.6824939701285799,0.45303817140235864,2.557172115696807,0.22598450167596595,0.18483072880085716,0.7268536116304749,0.5,0.5828568525424946,0.2579687275327526
264,0.09460564394157521,0.5367358618013356,0.4421302178597604,0.44061640236075894,0.7646364752561109,0.9057108427950494,0.603476810706352,0.5,0.8978544975737062,0.4053820288001474
265,-0.14134859567297195,0.3436519704940889,0.48500056616706083,31.641355689380173,0.12122643955250834,0.07174885521271857,0.5591497730416878,0.5,0.8416229082435184,0.25227749300634916
266,0.11431596277210596,0.5022841342050437,0.38796817143293777,1.1568593048860658,0.5063807349100095,0.8421695327585511,0.7189706293340259,0.5,0.8690132119640521,0.7633428469276028
267,0.1027856162534421,0.4594246094224289,0.3566389931689868,0.880746087188864,0.5691140128819253,0.7831404832390438,0.6573839170965647,0.5,0.6203474896027946,0.8695021601518341
268,0.05634345831187859,0.543009913527002,0.4866664552151234,1.5230958284827234,0.4222084531683533,0.5494474766016096,0.570539326637838,0.5,0.4208862139472461,0.07638870512053775
269,0.12281370083862664,0.5745256321876889,0.4517119313490623,1.171657194269995,0.4784534651357506,0.5393611441097953,0.6545172973782576,0.5,0.5826118653389437,0.2502757507970178
270,0.5877572765009336,0.7960877178906494,0.20833044138971574,0.08302943467366736,0.8784966547754313,0.25492438242987137,0.8367823051426746,0.5,0.972734862282526,0.6694892238280516
271,0.21822680990818463,0.7155498523092432,0.4973230424010585,11.51420725108225,0.13264031635553075,0.7949646236365626,0.9523775798726706,0.5,0.27439998237130037,0.10857110447273766
272,0.4793946611996425,0.7761408477533676,0.29674618655372514,0.043406790780094344,0.9607130144545402,0.5311613694474413,0.7829174433843441,0.5,0.24557199941243113,0.2159287407149001
273,0.17546652185784578,0.5299989239611169,0.3545324021032711,1.8602530592694684,0.3342782317733384,0.2397613295028619,0.7330948945216342,0.5,0.29492786697156514,0.8800066268861714
274,-0.1686993105710925,0.29206705016205153,0.460766360733144,8.370642067781757,0.13463457548320057,0.41829616060934094,0.9820073429879711,0.5,0.03213644850000197,0.26284364503436586
275,0.20060817308582274,0.6469129431952755,0.4463047701094528,0.7002373080912825,0.7028747924731529,0.8322144968828401,0.8227665964190918,0.5,0.4057208051070057,0.5021926823812429
276,0.15775239358200543,0.6449315970510916,0.48717920346908616,1.2478420106434887,0.3712425399091446,0.25225921563248654,0.6512028718901919,0.5,0.2518401236176663,0.03942203448936188
277,0.2775574623454591,0.7289722125724526,0.4514147502269935,0.4795861082960274,0.7538853881611949,0.7090830508837005,0.8198612401401872,0.5,0.3421093227632527,0.3196747154335017
278,-0.09694599527844798,0.39223024421096586,0.48917623948941386,29.490750000000002,0.024869610664968733,0.9000745324122397,0.5916313808181346,0.5,0.27624998929626843,0.5528467950468976
279,0.11950072578811374,0.48419624197257993,0.36469551618446616,1.0870040891874833,0.5258627470564827,0.8762741579039691,0.7673892120984955,0.5,0.5969833222742191,0.9669810097106909
280,0.47042972645136033,0.8223113222966818,0.3518815958453214,0.9832798769794708,0.4095340188219083,0.24902790895642846,0.9516504959901403,0.5,0.5516416764370891,0.5709916587726267
281,0.3030915561824932,0.8025724330852968,0.4994808769028037,11.764505792410203,0.11509708281146713,0.6873865766251347,0.8305017777600233,0.5,0.5021368541714165,0.014919144700464737
282,0.0383586357196035,0.4660129558402478,0.42765432012064436,3.3906854220082723,0.24725211688560278,0.821495211021888,0.8099701953183003,0.5,0.23528492478014607,0.7978993926184229
283,-0.03505176759196371,0.005156741298454974,0.04020850889041868,17.056735833565185,0.179742524541314,0.10713455990738763,0.8195285797520797,0.5,0.0009021540769893477,0.4833721215099316
284,0.3382178382054277,0.7247137536863728,0.38649591548094503,0.6222016911148918,0.687620762391964,0.7528008610811204,0.9836338427172246,0.5,0.572912659265324,0.8099048947858284
285,0.3564044655309361,0.6903096647745046,0.33390519924356854,1.6445513158279028,0.31793773675102177,0.1592568150111161,0.8728026814320464,0.5,0.4359099900676747,0.9195597961029289
286,0.1534855131190192,0.556359154061714,0.4028736409426948,3.468720962822487,0.22627118387744216,0.3561048272521663,0.9168735521318481,0.5,0.6276882415049234,0.947528723405404
287,0.26218613223132203,0.6727313822046324,0.41054524997331027,1.5971065723094486,0.3608191245002903,0.2819329107193421,0.7597389998400285,0.5,0.11007678148015465,0.37150423120580445
288,0.17584393521392228,0.30926272448193204,0.1334187892680098,0.4257353690501417,0.7456545194977292,0.615935056680798,0.6080192129416588,0.5,0.011016406779128962,0.5616957325342993
289,0.8062715949262074,0.8796692810351825,0.07339768610897515,0.008969901785411304,0.9699016822808236,0.12250565847730022,0.8866743174473337,0.5,0.6528668457126316,0.9800696865585271
290,0.21855479800705452,0.5142055842978508,0.2956507862907962,0.40876203089867247,0.6796006131958475,0.3678026343888191,0.6175315771921266,0.5,0.9583656592229839,0.7654027708715647
291,0.7362940243985137,0.7769818546706467,0.04068783027213323,0.05361078816336869,0.9633890740528452,0.6979887508745686,0.9893426757649961,0.5,0.0170821239091411,0.80111982944291
292,0.17697863574031863,0.6755608554238548,0.4985822196835362,35.4667619047619,0.034786154190688645,0.681064454359338,0.8792884538773076,0.5,0.5074092047160712,0.11985636359571816
293,0.1910862074734106,0.678810789636498,0.4877245821630873,1.7961748223078893,0.28151917132988613,0.19449906680860707,0.6852348878399965,0.5,0.41737250742715926,0.047177639264929794
294,-0.024156376763012497,0.47359400888209635,0.4977503856451088,35.73780952380953,0.021124709102216865,0.9911932480716267,0.6334806835554571,0.5,0.42584791053578996,0.1972058234593077
295,0.43768886813108693,0.8394494220609776,0.40176055392989074,0.03945492802325314,0.9455691712159864,0.3324588781710631,0.8410003410334688,0.5,0.5173256068497426,0.05910319330508684
296,-0.15975577249735748,0.32464727550509803,0.48440304800245554,34.58701370851371,0.030250463817135365,0.6419539958201377,0.7200205299389701,0.5,0.20051456482260055,0.8818334608602768
297,0.027486774561426043,0.5194906121406799,0.4920038375792538,10.131255133755134,0.08736608920477729,0.7431513465660765,0.6902661605664732,0.5,0.22698758791970675,0.2408929847065442
298,0.8027460227056821,0.9027446716247113,0.09999864891902915,0.03464052653085109,0.9120292967435957,0.15267774708259219,0.9286606295296493,0.5,0.5024629824432623,0.9758969310923279
299,0.5784753455688714,0.8049222600610045,0.22644691449213322,0.17027680126855976,0.6415630588470796,0.0201019405924312,0.8086032599371151,0.5,0.654900851281067,0.3944493548722089
300,-0.14209628872188312,0.30639056407653625,0.4484868527984194,7.933607606428843,0.1632697051635298,0.18957032956538578,0.5789386126101372,0.5,0.8168986368489731,0.8564946038542401
301,-0.3227678011082859,0.1749354798334103,0.49770328094169625,79.99430250305251,0.041090295059042936,0.12031258187578275,0.6812252639569893,0.5,0.4036664703638334,0.38331273145571076
302,-0.024526251815782392,0.41511013024881394,0.4396363820645964,2.957227040691875,0.2667108285768661,0.7045065713930108,0.6007693536167509,0.5,0.8402193714973122,0.5951517560256211
303,0.28162239515268056,0.7264618860633276,0.44483949091064706,0.66262375575776,0.7250107175899179,0.8315821101120946,0.9783768660449992,0.5,0.25136737299781353,0.6511209256633067
304,0.13770740068049367,0.6318029726042679,0.4940955719237742,48.91347222222222,0.028779177819522217,0.4248898563911847,0.9381653779171171,0.5,0.5958590127464115,0.3335283310599245
305,0.2532836417915645,0.7339384139096296,0.48065477211806495,1.4973641457468525,0.5509055120651947,0.8477470134909872,0.9276673826639581,0.5,0.6184014026948594,0.27088449383626534
306,0.6906409288730085,0.7735197948265395,0.08287886595353097,0.005358143554203937,0.9714526608462175,0.0755674360825167,0.7746843612325287,0.5,0.7068831827602009,0.4254789846894059
307,0.4418515119137629,0.9306779146960785,0.48882640278231576,0.7790530785052372,0.6203210486678712,0.6175418335518956,0.9575310763586112,0.5,0.19380221946014065,0.05532321019843356
308,0.123917696852052,0.5847099169744439,0.46079222012239185,7.161583177099819,0.13734841917230844,0.821178912561839,0.976273564516208,0.5,0.6116111315889319,0.6794537718694593
309,-0.005806574850179769,0.48240825132665216,0.4882148261768319,9.458790967675256,0.11036428831128697,0.4068539803937955,0.5787718742625705,0.5,0.7387583323457781,0.21212759221025246
310,-0.07257477827204381,0.3877191499961527,0.4602939282681965,9.323757494103138,0.1298189521391674,0.2878653034094153,0.6855965582048887,0.5,0.5724764153045362,0.7318627668047415
311,0.3761236426612361,0.754924520029485,0.3788008773682488,0.5188038996545716,0.6641394161686673,0.5088719563900401,0.8877927964127791,0.5,0.63046763073676,0.5090116532013638
312,0.09557246182225473,0.5075374486508963,0.4119649868286416,0.12283284759270549,0.8424709083050065,0.2846381106408201,0.5134387135213171,0.5,0.6357348152470084,0.12125080076474093
313,-0.006144147616274284,0.49293198686700207,0.4990761344832764,9.069102564102566,0.06358843605135867,0.9818036985339874,0.6172429792524543,0.5,0.15050797749275746,0.03284221189040004
314,0.050399017949484703,0.5191882850847458,0.46878926713526103,2.5782516774601136,0.34309493626887766,0.9557215098639287,0.6721956111125567,0.5,0.49485078627804535,0.32003613874981385
315,0.3311770319145909,0.6196502760037704,0.2884732440891796,0.2605292898863876,0.7809671435400096,0.43592700120303896,0.7264268276590404,0.5,0.9246329391800204,0.8319749989014209
316,-0.07197758663293755,0.37220647065583556,0.4441840572887732,4.840313422463678,0.1587900737990926,0.8118419055076955,0.5210759919070971,0.5,0.8488716154686073,0.7084938888957732
317,0.04677595196097644,0.5164054517944165,0.46962949983344016,3.3927218229917893,0.30091996992317016,0.9851362695390083,0.7744604229455004,0.5,0.2907579024046406,0.4042704070448908
318,0.011360584499848655,0.4340921572414519,0.4227315727416032,0.9216501651893818,0.5497495037726042,0.9549128993949262,0.5184489912482357,0.5,0.9022985085114136,0.46512893759365626
319,0.18816172544350598,0.6817248787432926,0.4935631532997866,0.80521777992107,0.712620562874934,0.8889785889912436,0.7349409690669431,0.5,0.14927901478229366,0.11631503439157265
320,-0.11085276157701482,0.37870601804414683,0.4895587796211617,41.952845238095236,0.030266990402631255,0.5464939351856851,0.6223687760009874,0.5,0.6420918222553613,0.644791839165074
321,0.4705213659498207,0.7826382078262609,0.3121168418764403,0.5598731306831148,0.6303707684120768,0.450009988006582,0.9867760169131922,0.5,0.680432882297317,0.8008238584385978
322,0.6795137842776617,0.7752589047586957,0.09574512048103397,0.03412635715909974,0.9754690228371672,0.6695969635228632,0.7770699916772308,0.5,0.06508883842426616,0.025274018821914823
323,0.3055869188015784,0.7800609849871909,0.4744740661856125,1.0362046304869341,0.6052141197399542,0.7423584010849554,0.9085072358241348,0.5,0.4169185770398124,0.22688752875757134
324,0.9051032276117109,0.9808016061845739,0.0756983785728629,0.009653437991091595,0.9719018990947975,0.15120479677749454,0.9880500374894372,0.5,0.29292149667662004,0.8385210915831073
325,0.09227296373360876,0.44953039415633045,0.35725743042272173,0.9534048108670348,0.5556305139974158,0.8343526989904108,0.6944244967989001,0.5,0.4778883991773828,0.9745791361013785
326,0.3906461243051654,0.8753545125557226,0.4847083882505571,0.9790591808823409,0.6115721109203326,0.7168125312783913,0.9422044755892371,0.5,0.6382318786599218,0.11435033749164092
327,0.3104290107972159,0.673314137172325,0.3628851263751091,0.6559901794381824,0.6071194677901469,0.4978452016436997,0.8271663940739096,0.5,0.9492975269285092,0.586844989956727
328,0.5353496132331562,0.7405294936034597,0.20517988037030346,0.13105474652161248,0.7135990309336628,0.06778083552683134,0.7515916909847269,0.5,0.589839414608756,0.42087380419878284
329,0.01334959584840747,0.3792499058997771,0.36590031005136964,1.3965593686747408,0.42025360982828364,0.32096736803977577,0.5334458170840042,0.5,0.8287210834275037,0.7596202758947744
330,0.23697989616965934,0.6140270424306935,0.37704714626103414,0.3521652654827518,0.7880833670484014,0.7602493771002969,0.7403779195421396,0.5,0.7873557645121562,0.7490997486246364
331,0.5090016490548098,0.9299339678535752,0.4209323187987654,2.8911673350184777,0.19475216202436596,0.11922322803863328,0.9851390313641467,0.5,0.523816031383681,0.4661545770806311
332,0.27219690076993924,0.7356407285734955,0.4634438278035562,3.3223830064783835,0.26212160729871237,0.5861583000781747,0.9984665015704106,0.5,0.5161212607616432,0.37609315178825753
333,0.3433322499543416,0.8186152827611725,0.475283032806831,1.9159044888790007,0.3355017678910689,0.4615817901817165,0.8900570362463402,0.5,0.4084100239529155,0.14395737694774868
334,0.5018403860757505,0.61489515725118,0.1130547711754295,0.09243346077049465,0.8045652154173415,0.10291724739075059,0.6434026360877598,0.5,0.9988947363969694,0.9655340019299824
335,0.41017988896023916,0.7207563137223997,0.3105764247621606,0.17038405643894117,0.8733780852176001,0.5820923640527966,0.8193074048227431,0.5,0.3037252063921817,0.9457397720132369
336,0.19883032775708362,0.6599676265309454,0.4611372987738617,0.2586385858187793,0.8146427122293634,0.5588513444340268,0.6789747514306853,0.5,0.6563675217118298,0.13165996058843632
337,0.27544828347751477,0.5921007226031676,0.31665243912565294,0.1539351895828663,0.8073228577475811,0.2964174052560621,0.6152079240722808,0.5,0.4095347237688164,0.3552695261162512
338,-0.0894557702442891,0.3969813668072014,0.4864371370514905,20.315247363747364,0.05796067429093599,0.5459351903147965,0.5781100764869973,0.5,0.8988572279144844,0.49065622056337843
339,0.21926006429154227,0.6438088793364992,0.4245488150449569,5.465198351791657,0.2510591495845016,0.07550109362620261,0.760190174043635,0.5,0.31337377373333897,0.385685421305502
340,-0.014602907526993966,0.4089030492809481,0.4235059568079421,3.345238823492879,0.3250977772948419,0.15001320465235302,0.5839375970551212,0.5,0.2828118918427428,0.505937562909657
341,0.18270689962828265,0.5612877716029069,0.37858087197462426,0.6980385805981913,0.6624771281506243,0.9946030734123255,0.8468092657596868,0.5,0.9255913277697803,0.976413182491359
342,0.07923733747802747,0.5556997035711879,0.4764623660931605,1.2509905878552678,0.49139781683778194,0.6195396786653908,0.6030275392928581,0.5,0.8768413538151558,0.13796097778239802
343,0.043057732597837274,0.41719159940972556,0.37413386681188826,1.4258250827366656,0.4097240612668177,0.3486743452940756,0.6033836794591858,0.5,0.5187098614721625,0.7574295262915185
344,0.35590378315523485,0.8100941351939097,0.45419035203867475,0.42220446289179503,0.7890187447495591,0.7903233382148012,0.9206084268761539,0.5,0.7346324388417698,0.387947149143153
345,0.07815511656378453,0.45821978069788855,0.380064664134104,1.2876552392714946,0.4562366962593102,0.6251534813836261,0.6658034903060759,0.5,0.7806737752401057,0.7725850090860271
346,-0.05568976633084686,0.41489124543994843,0.47058101177079525,11.726923076923077,0.057722715026966576,0.8951744012515257,0.54513752385119,0.5,0.3433818218452601,0.7504765877528694
347,0.20324044327548366,0.4330503018562676,0.22980985858078395,0.3328474952229066,0.6881523556360859,0.14159007429055293,0.5141456401646709,0.5,0.6081591938038539,0.9887169586531827
348,0.13547974888987482,0.5945688969943806,0.4590891481045058,5.545818530512652,0.16197200981870785,0.9171015033608115,0.9194222260081355,0.5,0.6981583103262045,0.6521669601578551
349,0.18001684439995017,0.6711819532493136,0.4911651088493635,0.7951547807855002,0.5231576494841041,0.41733974335702473,0.6774502385101513,0.5,0.5731252010730974,0.026079886252526552
350,-0.017164742458834665,0.40807407817424945,0.42523882063308405,2.264246215474842,0.3898125302787171,0.23708737007361358,0.5952574967466735,0.5,0.076938183324189,0.5082862852133196
351,0.05229711977427953,0.3935948745088497,0.3412977547345702,0.957872825493722,0.5112457322580636,0.43186255984196353,0.5560424633156635,0.5,0.3109054661410472,0.8781599554210727
352,0.3417377762981627,0.6510885638552283,0.3093507875570656,0.4559160305859976,0.7003476370251887,0.5380500686255782,0.8456938102803486,0.5,0.5296823564293406,0.9272824158787658
353,0.8268891389544504,0.8648394200356166,0.03795028108116627,0.0037610378187513684,0.9960160296841268,0.4617677026887238,0.8656771750753065,0.5,0.21500292839386015,0.25473128038733617
354,0.09576748395842756,0.507670341047242,0.4119028570888144,0.4835524200965363,0.7557641622810612,0.9980059801838382,0.644277605920919,0.5,0.6598174473143419,0.7162932760499294
355,0.06427870550848666,0.45246924317747717,0.3881905376689905,0.16805588114067274,0.8966903801456091,0.9081732023911512,0.5021228741513825,0.5,0.8288787359479312,0.8038462971829005
356,0.9646924210251134,0.9669490120761293,0.0022565910510157707,6.060606060606062e-05,0.999827294286027,0.19230377271370414,0.9670276200926813,0.5,0.7521970170052569,0.872207456815252
357,0.04276632184612235,0.49309223535492,0.4503259135087977,0.7666976752018164,0.6327367858917166,0.9581363153567951,0.560937583327699,0.5,0.833929076298196,0.32911211368106585
358,0.5283430105915152,0.8320099516285167,0.3036669410370015,1.0818827035964156,0.36111277807647413,0.08510278022237272,0.8802337838330121,0.5,0.37217521004757637,0.6938227865713454
359,0.08280387290272603,0.44818192177845295,0.36537804887572695,0.9564790338035184,0.5475112178967936,0.7088841430476824,0.6512323143860199,0.5,0.34028209977027324,0.8417085078668354
360,0.1733110717616314,0.5957334414404087,0.42242236967877733,1.154340720887887,0.5593145828972449,0.7181765771701469,0.8775542403968746,0.5,0.1418854341333361,0.6495412851867384
361,0.37798715038114183,0.8725113692193538,0.494524218838212,0.7567366049996542,0.6783131348760476,0.7439096150395385,0.8935716775786425,0.5,0.4018759026205483,0.04255094704328155
362,-0.35473166185755606,0.14351759589134727,0.49824925774890333,91.83770634920634,0.023703005288819856,0.12423803316868409,0.6321083117515298,0.5,0.5942490324915937,0.4018802882820408
363,0.16493652770048692,0.49771597638225157,0.3327794486817647,1.2333972435598122,0.41643656673654916,0.09849690323434701,0.6236752640666308,0.5,0.4582014448764462,0.719690947229477
364,0.04037529006068184,0.41409178369707406,0.37371649363639226,0.7169765656572957,0.579575758624555,0.4338114354738576,0.5049801990362837,0.5,0.33837524171458977,0.5450092699833633
365,0.23039819332918973,0.6109429946775957,0.38054480134840596,0.3603949754915552,0.8081098355658372,0.7665680297932679,0.7936619584257337,0.5,0.23961421079047418,0.9773203282824635
366,0.13519792745482553,0.6183195510843758,0.48312162362955025,9.731667837025675,0.10292480750140254,0.28399317066906626,0.7247830635506601,0.5,0.7399541984630886,0.26058733834546133
367,0.6049772335548222,0.7196957598622399,0.11471852630741772,0.05221216558714501,0.8525058463801574,0.10020967130873504,0.7337544734567518,0.5,0.451964245801182,0.686070009842654
368,0.36839045520997493,0.7584649733367594,0.3900745181267845,0.15705857385266483,0.8731434468735227,0.5367316939131946,0.7958188251219176,0.5,0.7964403095665664,0.3548852025871114
369,0.22176038993854325,0.6732463936946556,0.45148600375611225,1.124486686826757,0.5906211108949166,0.856533946407981,0.9077512283842312,0.5,0.5757271769354083,0.47864563626469314
370,0.43986507366397226,0.8959452565492292,0.4560801828852569,0.46897042589754656,0.4835063089805517,0.06284015336291415,0.8986048247030932,0.5,0.4753508770249135,0.06205194559898386
371,0.43116638534139345,0.8927314638959627,0.4615650785545693,1.8158870326774035,0.26478169281713326,0.16827020022520578,0.9151255932148434,0.5,0.4289774965340334,0.15483052110156714
372,0.09113163758074334,0.5736053696144329,0.48247373203368954,18.26916023518965,0.06377239605013252,0.4912583699555594,0.8912552010589219,0.5,0.7456305190208709,0.6090345184796194
373,0.5707162690030142,0.8499965344574172,0.27928026545440304,0.5251777799480907,0.5560363479138177,0.2482488801784022,0.9937717787238886,0.5,0.6325367704420479,0.7777846054157835
374,0.024848924322037662,0.4389038513189162,0.4140549269968785,0.7376908673558601,0.60299758508888,0.8180564090286543,0.5217610684474401,0.5,0.5670712327532844,0.4520232029332961
375,0.4264198893482227,0.7501328321536957,0.32371294280547297,0.2448545706812161,0.7654310121817026,0.3853288488593086,0.8098111568167992,0.5,0.4458260998699426,0.4778785690235321
376,-0.35122651288452206,0.14358226670013013,0.4948087795846522,49.36264285714286,0.021437007813482234,0.6457413543691246,0.8106547456861465,0.5,0.07263411405374565,0.34427647349068835
377,0.3124126056377705,0.666589925186737,0.3541773195489665,0.27401831560387774,0.8204555184373381,0.6109267491263641,0.7833602886646012,0.5,0.1375447815102101,0.7453217551545949
378,0.38961885474489855,0.8605450608158061,0.4709262060709074,1.2326699651217232,0.5311377909167719,0.6636720118630599,0.9813859114907227,0.5,0.6172356006035411,0.19719677261896063
379,0.3434172487514118,0.758541051778537,0.4151238030271253,2.482096478519502,0.25877551987047664,0.3509609481159174,0.9617806769403329,0.5,0.3261135075243803,0.5782009470280456
380,-0.2004722830498859,0.2735988346627517,0.4740711177126376,42.55544492905591,0.13410001116492187,0.02811316695080246,0.7021898525620864,0.5,0.5273810863239693,0.6157446289693235
381,0.06003560047028574,0.5111206188148392,0.4510850183445534,15.28145689288959,0.10936020881686648,0.17963250887268956,0.9472842875855311,0.5,0.5065683039943542,0.998966020387681
382,0.2130467850860993,0.5107534659490722,0.29770668086297297,0.4190223815588333,0.6072074212737856,0.21433260774369345,0.5481956023898085,0.5,0.1455979063692936,0.4851275211014261
383,-0.017979688642875503,0.47743014095969666,0.4954098296025721,27.10074603174603,0.03320076224408752,0.7508340008218308,0.6886435508474713,0.5,0.3222533380789454,0.29361534171440984
384,0.15544299933302064,0.5440070250698567,0.388564025736836,5.243209846758006,0.2649320577285964,0.012266171611185483,0.6507323672810047,0.5,0.6672920358520554,0.5488851847505702
385,0.12272740033830853,0.5528799428282346,0.43015254248992607,1.3694317874209996,0.4096689718884493,0.42480404197804833,0.6559718555645724,0.5,0.5032178190331557,0.34817744101446857
386,0.04351555314225751,0.5350293386755245,0.491513785533267,20.456676684426682,0.054638667669598906,0.5496477864374042,0.8160377795696541,0.5,0.25181588870432003,0.3226655896427354
387,-0.2936810655674429,0.2009880705311457,0.4946691360985886,72.17166666666667,0.012205930880086147,0.6520955320047589,0.9569456849870348,0.5,0.1590930485965597,0.7210754406835396
388,0.48816578067629113,0.7667218047642387,0.27855602408794755,0.2341785848601015,0.7452784865087592,0.30938093794624133,0.835646706737711,0.5,0.5290508446312214,0.5774614798704726
389,0.6149036961703385,0.683099743575611,0.0681960474052726,0.0398954477021078,0.822883832406754,0.011341702977761825,0.6843627874288201,0.5,0.8693508633419316,0.7625076657645625
390,0.07407813730127917,0.5029124922005008,0.4288343548992216,3.550333895608181,0.225622324249791,0.4303757562316587,0.7756759678248831,0.5,0.7994735696463451,0.6916735147994644
391,0.09744357578420934,0.5412422512985428,0.4437986755143334,0.6017274071991393,0.6809038576660718,0.6316875984910488,0.6066184201290723,0.5,0.11563691392802833,0.2775724044410086
392,0.13640863765004616,0.5207421084486803,0.38433347079863417,2.0389047446435544,0.32567368112903405,0.37363444176993266,0.7867695626693275,0.5,0.5203539905673341,0.8252715663828046
393,-0.03430173852025474,0.4116350334641269,0.4459367719843816,2.1930864285368985,0.30932933874921065,0.7764269467879256,0.5049749965896149,0.5,0.9179442475911608,0.41209707047260924
394,0.4002269306966409,0.8003941581010532,0.40016722740441224,0.07629541213952074,0.9139309717670868,0.40094577536269393,0.8107306090685338,0.5,0.6987522102059384,0.18473137399144124
395,0.2631722270467056,0.589738993209584,0.3265667661628784,1.034468207226683,0.4511405240413531,0.2740162596764275,0.7955796433302483,0.5,0.7911085338882231,0.8695651141660613
396,0.18841257446249476,0.5907189670886343,0.40230639262613943,1.5320718201530623,0.44907254019668974,0.7210195134254361,0.9541587866484842,0.5,0.4759934011464745,0.8068900810547781
397,0.02611545259517552,0.4341612170535153,0.40804576445833973,1.4487440037310306,0.4343029557026835,0.8302978324918306,0.5994980332270526,0.5,0.6771309698710748,0.6362846042514863
398,0.48235609847813554,0.862664934901311,0.3803088364231756,0.9395562714627642,0.3914206704797444,0.19761533089779648,0.9349711931748614,0.5,0.6762897754552759,0.390299967742325
399,0.2921486133728187,0.619675767544978,0.3275271541721593,0.31579120479324135,0.7893450337724569,0.5880803233007295,0.7672435322763781,0.5,0.21462254159262106,0.9115999499885097
400,0.7439658025887702,0.8111898401742466,0.06722403758547627,0.0022529566653277993,0.9988646279933147,0.9818679547628395,0.8125115815375754,0.5,0.6516948772535928,0.6105724785471944
401,0.20940788770567065,0.571654790736718,0.3622469030310473,1.4820533132289229,0.4056228582931639,0.48017252880018846,0.881368950715512,0.5,0.7544421623298729,0.9128287306499884
402,-0.08280638877764657,0.3752318529446894,0.458038241722336,7.905433383480985,0.10229801815064832,0.8187216411412058,0.5829096995287755,0.5,0.6744208361768481,0.8409006336464255
403,0.2665286878815928,0.6985931949995277,0.43206450711793487,2.533131554634546,0.2931380802242972,0.5137351301685663,0.9937250899783916,0.5,0.2842568136036898,0.5598057142410765
404,0.338420902981711,0.7890726667941288,0.4506517638124178,0.4335923284613785,0.5728608595316034,0.23039894198375555,0.7988494850923463,0.5,0.45073411289833787,0.08416683158338034
405,0.09135777995878729,0.5406382128533449,0.4492804328945576,0.6417237967636659,0.5685962707858769,0.3234249825140235,0.5691411028414349,0.5,0.9583905155525808,0.13776034673503768
406,0.1327531323743502,0.5987246676718215,0.4659715352974714,1.247722437367771,0.48323562093541494,0.5776106645832504,0.6707467740192568,0.5,0.2698914928578352,0.18938680497795468
407,0.360239209462735,0.8329090966011913,0.47266988713845615,1.2542118211445747,0.46193353892779354,0.5280350364486603,0.8991119324414694,0.5,0.2931459770671959,0.13684815302135678
408,-0.03375006980211891,0.43040192856718357,0.46415199836930243,4.212535676157039,0.18020570122211554,0.8063293036721233,0.536243433234471,0.5,0.6886606849795419,0.40067988136403376
409,0.29254720479518215,0.658897724779558,0.36635051998437584,0.8254808659611287,0.6123928524298932,0.6376210382158902,0.9968546792550843,0.5,0.10922453826152323,0.9350490256877512
410,0.012458145194612375,0.49746312222298245,0.48500497702837003,0.8470746051856816,0.5037705725375593,0.279141724164229,0.508776466812878,0.5,0.7836208411178891,0.04332451467105558
411,0.22584044257980201,0.7179134834447348,0.49207304086493286,14.941698926073926,0.08033914377270257,0.61320107520856,0.9315534039796075,0.5,0.648652367120736,0.2494491573091978
412,-0.22488416135534878,0.11545439978944835,0.34033856114479716,4.4575627576044585,0.3100479576749948,0.19770950985886038,0.5358497823552376,0.5,0.01585302375331954,0.9666230511310147
413,0.04441879733875363,0.45741038214178653,0.41299158480303283,1.7309668192477212,0.4284123203805763,0.8011455428999935,0.7618555949898884,0.5,0.11460540794354068,0.7663154445836659
414,0.13252031955533256,0.49054465439410705,0.3580243348387745,1.0564905008850545,0.47944397620064394,0.4137858380278201,0.6628933341956164,0.5,0.6086619316770557,0.7438872833039113
415,0.011048347368369339,0.4374838021547163,0.4264354547863469,4.236831846278054,0.20350767940734604,0.4391715683185392,0.7354660897238858,0.5,0.36207869085355937,0.8546894227133622
416,0.026220956141364233,0.503947520933041,0.47772656479167674,1.6064365321538077,0.418680153414687,0.9102712331136712,0.5494465279344228,0.5,0.7600178054744534,0.16627818099168568
417,0.1688405797343893,0.531216953701706,0.36237637396731676,0.4599756430407028,0.6926659515573765,0.5094542654866399,0.6277511662175926,0.5,0.1641328916261553,0.5760626518344353
418,-0.09489308975071967,0.395526205618363,0.4904192953690827,9.282074326714975,0.201021478785674,0.1885704074548027,0.5810084364723525,0.5,0.18966528010137051,0.17678242958372947
419,0.02873266137486491,0.4668682441919003,0.43813558281703535,3.9892369607672045,0.21167826433627657,0.8925323661410424,0.742786215535731,0.5,0.6267675350887124,0.7345398876514346
420,0.5228983941690802,0.833220646131385,0.3103222519623049,1.0234490369789717,0.3190174070550731,0.0007242898188717373,0.8346465127719226,0.5,0.7459218777956489,0.635648699742581
421,-0.03505777012854258,0.401895500783651,0.4369532709121936,2.091050954293529,0.3351913886394253,0.5895430122808359,0.5190145531862906,0.5,0.9468713661996981,0.45672557729721064
422,0.10120067479893055,0.5850028324827896,0.48380215768385915,3.0625397355723525,0.3323586851826944,0.7977471928356896,0.7104043742449104,0.5,0.5776939531986929,0.19106456910848246
423,0.2518254874735621,0.7389742352815445,0.4871487478079823,8.130136078941774,0.1295886754640646,0.5796267955542027,0.9313689335542588,0.5,0.44104289888555503,0.2348212193355168
424,0.5348988497053715,0.7515514908519403,0.2166526411465688,0.036113801876379956,0.9537059130398389,0.35719028531563446,0.7751401797000677,0.5,0.8420435441584273,0.8627656036497828
425,0.2883737024237093,0.6972662935517178,0.40889259112800846,0.1966021176627496,0.8556706845452244,0.5777404424513166,0.7361189308830458,0.5,0.519109170296174,0.3415194131554735
426,0.055734620736821415,0.5021786650075897,0.4464440442707683,6.63691254521977,0.1390997386609636,0.6811603367809874,0.9567861685636387,0.5,0.8236183867997441,0.9500178017108544
427,0.17186772115023816,0.5496534225243661,0.3777857013741279,1.989173790204881,0.3291232650550404,0.36479956380239176,0.84950523383924,0.5,0.9261342120923111,0.8865015724872551
428,-0.24921265370156814,0.24967950118921084,0.498892154890779,85.6112619047619,0.013158249880293349,0.3622719764429445,0.7671117592004999,0.5,0.45168704591313236,0.23523979241939508
429,0.4725804245628281,0.838509642633922,0.36592921807109385,0.08605283437147696,0.7751861796780163,0.07163823156602489,0.8393848430114245,0.5,0.2102577100914197,0.03984983417720411
430,0.25137292062418826,0.6143644965597506,0.36299157593556236,2.3125281488079414,0.2607603049691871,0.09030863580285231,0.8179568733361171,0.5,0.9737254452563122,0.9109890616245471
431,0.03754617491927779,0.4599365715329541,0.42239039661367633,3.710774049574669,0.22610467008892232,0.7587100034729495,0.8672314964960555,0.5,0.1609478735722738,0.9364476686178019
432,0.6305875142628782,0.7965781754696662,0.16599066120678801,0.028476673439180873,0.9751567110083914,0.559264545771656,0.8122583312706171,0.5,0.16932280714278747,0.7048558153226974
433,0.029435294969637586,0.518446311664627,0.4890110166949893,1.5105950970470337,0.45603616064297403,0.6673159978629815,0.5495395771541131,0.5,0.44898236215217435,0.07994800942337088
434,0.17686527587617729,0.6688945435258515,0.4920292676496743,2.1408236463667722,0.5155195310431648,0.94803229750038,0.8784985824639489,0.5,0.40410388033124056,0.22753719255179672
435,0.1279081003450182,0.6196040163460849,0.49169591600106666,5.276990441616077,0.16729540910732366,0.43385536575473693,0.6635029216377841,0.5,0.2530399495679311,0.08794469718475417
436,0.5968189161210196,0.8243633885153535,0.227544472394334,0.6980045960979854,0.45301837923854793,0.08344472209037279,0.8767231018649175,0.5,0.23850064887807998,0.9227385726824144
437,0.23807117847619982,0.6037868205365403,0.3657156420603406,1.0344778034899094,0.44975552656514317,0.26324287488787224,0.7675112757944571,0.5,0.9701575376522026,0.5873189782993399
438,-0.3673173710703984,0.13190765652789838,0.49922502759829684,95.81111904761906,0.014401458659576205,0.12498608847363801,0.9959208831627917,0.5,0.3830748184055176,0.25665833237488966
439,0.2759618616788958,0.7740424386503788,0.498080576971483,2.8482198758224984,0.33675055221746963,0.6718995193765097,0.7912930454099358,0.5,0.4793570856857263,0.01974834633934941
440,0.46929521439702143,0.8896079574341957,0.4203127430371743,0.33410376629808636,0.7951074511039398,0.6343376652269893,0.9848612331137148,0.5,0.21438364434193846,0.38693269966171195
441,-0.3212161210480171,0.17666440188726015,0.4978805229352773,81.6262619047619,0.026288558286316155,0.20340433212617814,0.8293211858269203,0.5,0.25067891473131076,0.363762854705705
442,0.19010425841800654,0.6895920513909233,0.49948779297291673,2.3532003532085914,0.5306694386172508,0.9651513035579075,0.7328204651234744,0.5,0.9005821629130641,0.04034958177453485
443,0.2734380612643935,0.7240151991223895,0.45057713785799597,2.449330673025766,0.317908297337295,0.5796933931531489,0.9779854259622952,0.5,0.9512032225011592,0.4311775499447035
444,0.128371648249374,0.44368784803623446,0.31531619978686043,0.34435809053252386,0.7678460840270254,0.602200425434219,0.5550373626376042,0.5,0.26603384212218906,0.9482939060698299
445,0.2808322413795895,0.6486328449332552,0.3678006035536658,0.8605984059296095,0.4669530328336611,0.2991488042095304,0.7446759113973129,0.5,0.49839783533474247,0.469847520896548
446,0.01967679209905509,0.4462247606628513,0.42654796856379623,1.6532091531404625,0.4081984216743425,0.8556849334212114,0.622824436747374,0.5,0.24893269576014665,0.551482855249085
447,0.22036258777590523,0.5958301241746802,0.37546753639877495,0.5101001806430523,0.4492197080179521,0.004337901605305672,0.5972781674525693,0.5,0.8253294150599003,0.20638968117576784
448,0.3896812086246783,0.8575019973410386,0.46782078871636035,0.23317826125052937,0.8714619651261497,0.765107603279276,0.9014053623663429,0.5,0.6155558859759165,0.2386311378239766
449,0.027074753019762386,0.5129770125799702,0.4859022595602078,9.304793747918747,0.09494859544693068,0.8654721907997726,0.8139491439375433,0.5,0.17677620179311893,0.41661041789822695
450,0.17682734115005572,0.48533610883120304,0.3085087676811473,0.23422257901000956,0.7041912477644181,0.20962052132250353,0.5015806607051325,0.5,0.11061564487187003,0.2987484255024828
451,0.4051045370087075,0.7804679847687633,0.3753634477600558,0.20759823881273257,0.8530517035290526,0.5935645460932851,0.8434069171086631,0.5,0.1349088352859189,0.44298013672620007
452,0.1739012669470978,0.5729208854317553,0.3990196184846575,2.4013547783581393,0.3611327197970102,0.18025060004923255,0.7951787653067548,0.5,0.06740705626130683,0.5463645760609632
453,0.7094585688941091,0.8237225952161706,0.1142640263220617,0.031898307366858406,0.8877840361647579,0.08487358625014374,0.8304853833508468,0.5,0.1828872006492437,0.46861467163282255
454,0.27437189649040306,0.6529595096138107,0.37858761312340766,0.3808191214542988,0.7642402014302765,0.6095841873760166,0.6922651391342245,0.5,0.057373264937562785,0.1588398463357259
455,0.8490442706041375,0.9912289642426344,0.14218469363849695,0.08250698284536488,0.7559371866278528,0.0332621372914047,0.9980456901417306,0.5,0.19225875727525443,0.5016951750613936
456,0.13020966873603526,0.5891292195892827,0.4589195508532474,1.5084242678959485,0.47908554979896256,0.7988736829705795,0.7371363517083904,0.5,0.7963142524910792,0.34623004742124064
457,0.20811092678586882,0.5332440001965044,0.3251330734106356,1.1090918155716418,0.41260848893488467,0.18238923700085785,0.7105998004560091,0.5,0.9863055649332119,0.9000546807340198
458,0.13019142432673103,0.6057119565902481,0.4755205322635171,2.3951928168640366,0.4130490279757264,0.8806532867301141,0.8179497794944783,0.5,0.4864704269363491,0.3125752343977597
459,-0.014603834086649253,0.46114966394924917,0.4757534980358985,6.317065558938798,0.14775695050316184,0.42497314094476046,0.5922156457416637,0.5,0.7920032538736795,0.32406456576402887
460,0.11692810460137486,0.43144288682844917,0.31451478222707435,0.5999855230472033,0.6021597833359372,0.30137422608006537,0.5409045738808875,0.5,0.6947635194167323,0.7499084953720985
461,0.1499948127070853,0.6090740867693921,0.4590792740623068,3.3637212894692894,0.2513187015478119,0.5796978189056758,0.8071056436219636,0.5,0.6641765794497334,0.39782498483525053
462,0.11859464830557112,0.5319686959466561,0.413374047641085,1.0530489221486872,0.547191943341296,0.7187920424427873,0.7186531190000052,0.5,0.38601659056309323,0.5668520955566283
463,0.16748617266687044,0.49279327383697263,0.3253071011701022,1.2445495427533848,0.37534745945695414,0.1320231822315845,0.6454665574238823,0.5,0.7868321509120582,0.9350712972485934
464,0.30262736080953384,0.7164250185834041,0.41379765777387034,0.9887210099609586,0.5730562502954384,0.6973284252599165,0.9836835389477374,0.5,0.5155957961382084,0.6142097655627796
465,0.11901090450597909,0.5266991461889521,0.40768824168297313,1.405492365187326,0.47868500340634645,0.7104548025607522,0.805886140706719,0.5,0.22547545795552015,0.7186435779893928
466,0.4970591867310211,0.5350174216973353,0.03795823496631423,0.009071909193864011,0.9308566919883259,0.02901898124984148,0.535273301654906,0.5,0.09712683681215917,0.13153048089803454
467,0.10825903503202645,0.5133382218095583,0.40507918677753185,2.282435734892151,0.3001014039667259,0.3378653623671012,0.7430312504717055,0.5,0.8121578302696649,0.6706066151829846
468,0.5130204789238804,0.7680453891682377,0.2550249102443574,0.06685756758256002,0.9060417715250736,0.31138328377522473,0.7897362780203486,0.5,0.2570265280798255,0.463601984850078
469,0.04468366302303067,0.5285983506140612,0.4839146875910306,7.987300073292721,0.13999276536366245,0.9149498000760814,0.8483684107801326,0.5,0.29773534742439334,0.4017782707962755
470,0.4012602857936437,0.893368329175534,0.4921080433818904,0.21196582492392607,0.8953421523921854,0.8729919985807089,0.9152537644643575,0.5,0.7944453053961086,0.11618515093337445
471,0.13818142024983393,0.5955040047089633,0.45732258445912927,5.52884805631432,0.17000597755715796,0.929372015669232,0.9874386910253314,0.5,0.6485850747733325,0.7015586917877571
472,0.5463522570279771,0.8361263270638654,0.28977407003588834,0.6831912537147254,0.4188120688440561,0.08191147784733488,0.8807838738411635,0.5,0.6627234376095112,0.601940047093798
473,0.6041452507584617,0.8305865925301598,0.22644134177169803,0.1924618201696443,0.6243731696724818,0.019324183076316115,0.8340629594958233,0.5,0.46331163556635413,0.392011808319393
474,0.396005258669016,0.745187583724865,0.3491823250558491,0.10580448901731457,0.9223379055084628,0.645093827306482,0.8028888177884412,0.5,0.698717394635279,0.7670239083918339
475,-0.16400614072961328,0.3281297327582556,0.4921358734878688,62.061591269841266,0.016647899678064793,0.6413262271238673,0.7003008211852,0.5,0.4677875682278685,0.8837989798318542
476,0.44508825995251156,0.9089640210783276,0.46387576112581624,6.648098138067837,0.16787436598983352,0.02635795647757644,0.9394409356579286,0.5,0.6351804361833641,0.20918439475206996
477,0.28037404006658856,0.55854203929919,0.2781679992326015,0.3275156372867825,0.7224802221827579,0.3864446832921866,0.6591449970162502,0.5,0.47617749534912923,0.8007425123335632
478,0.2855647400273275,0.7210997142873119,0.43553497425998433,0.4676784084167519,0.6866033019642697,0.5019306898491301,0.7705567856987542,0.5,0.19578637102033558,0.21488257768719765
479,0.048303447786579926,0.3860773536347781,0.33777390584819816,0.82428085384554,0.5540446505107808,0.5071223437981942,0.5354305327687197,0.5,0.07077759452161103,0.8490060184599916
480,-0.14437545891159415,0.33391926511004666,0.47829472402164075,22.417018953268954,0.0434369226664022,0.6407249959958383,0.5399587614279608,0.5,0.437142355128185,0.9250549949554387
481,0.23748539969226315,0.7363939118231728,0.49890851213090964,44.145980158730154,0.03072902991117732,0.5203482002353191,0.8331235907466943,0.5,0.8757921273975818,0.083448051433056
482,0.0014604924381368789,0.4777737223467474,0.47631322990861047,2.347377779337732,0.31907017652882363,0.3506121811170241,0.5258097403088919,0.5,0.4016651544408931,0.13857226256201483
483,-0.36465913000118,0.04626262442221975,0.41092175442339973,45.82819841269841,0.048865907484736404,0.28910466679502433,0.9234374181501271,0.5,0.018055254434491297,0.5279982827153802
484,0.27708566948302044,0.7707678417262276,0.49368217224320715,2.2082891016464994,0.3627094142581657,0.5991265611378788,0.8062072763939035,0.5,0.9867525949849121,0.05034084751062884
485,0.21952594411523824,0.6652884816737858,0.44576253755854756,1.4565285737251217,0.5010952204425457,0.7978142512465847,0.9173760272306544,0.5,0.6989506672919632,0.4802466279505193
486,-0.08406671763301155,0.4114981202634649,0.49556483789647643,55.986841437282216,0.10269617179450452,0.03297539371520364,0.688362824467438,0.5,0.5669478615692276,0.08710745226035266
487,0.2020643117325896,0.6513226847204429,0.4492583729878533,2.130648130518675,0.30884357300669896,0.43955999029815374,0.7640322290436108,0.5,0.26039403574927444,0.3112450167623909
488,0.31998260216926644,0.7543689508752991,0.4343863487060326,0.2939325595073545,0.8136080193423806,0.6264140252110463,0.8030969295040182,0.5,0.15250727905784267,0.25733977784275874
489,0.3742760311984396,0.8270723815026951,0.45279635030425547,0.1722981429286766,0.848224232980966,0.4756042575589997,0.8390686070323731,0.5,0.412003413865924,0.10771529416804249
490,-0.061471055350772706,0.35513850175485706,0.41660955710562975,2.9934506476103397,0.15494090519015846,0.9118399367734549,0.5383277857112816,0.5,0.0438470157633033,0.5656223311488005
491,0.06709734969439603,0.5225267583957559,0.45542940870135984,0.9347328816532452,0.5813421090794386,0.8159874011461528,0.6014323945355913,0.5,0.6202993651353164,0.2911806620104104
492,-0.03887946266638521,0.4310702473898,0.46994971005618524,23.359259392611172,0.08378346278097704,0.2544537073289447,0.857794437527994,0.5,0.2957516873382193,0.8033587458735735
493,0.3900158279054085,0.7765999525847483,0.3865841246793399,0.26550549423080405,0.6921724655439039,0.2579860281756293,0.7977175923996476,0.5,0.40694754274164757,0.18979886631951348
494,0.574885909370924,0.8836479986466695,0.30876208927574555,0.21300028265853466,0.6538280356222628,0.10752827853260316,0.8967495780232748,0.5,0.7041347993185526,0.2542307363730081
495,0.04864769456194806,0.41050202132697455,0.36185432676502655,0.3744525662454594,0.7902814040995241,0.8814753670880423,0.5242166553111298,0.5,0.20607147721862473,0.915090106599524
496,0.18283690179682138,0.6351964191192639,0.4523595173224425,3.046156529505357,0.2853567990384326,0.6372504527106303,0.9263191562993519,0.5,0.39867102484513817,0.4883013573423697
497,-0.25256370339715783,0.2236943945960565,0.47625809799321434,11.746946041746622,0.2085872404379283,0.12356325047104344,0.6826527175641189,0.5,0.13614131644211291,0.7303557643419128
498,-0.23657175046889706,0.26278443292435333,0.4993561833932504,95.11666666666667,0.005251141414982841,0.3075883293727971,0.9713002882686516,0.5,0.9782274066550023,0.2895831240153921
499,0.2598880490538179,0.744220176430568,0.4843321273767501,1.1580526611739523,0.6007224825104671,0.785319710129234,0.8514738714301555,0.5,0.4152251608145666,0.17227366260873722
