alpha,step,delta_v
0.1,0,0.32976600000000045
0.1,1,0.35714400000000046
0.1,2,0.38264508000000047
0.1,3,0.40632136800000046
0.1,4,0.42865206480000045
0.1,5,0.4489605423000005
0.1,6,0.4679456531700005
0.1,7,0.4853992417320005
0.1,8,0.5015792657765404
0.1,9,0.5164225141473904
0.1,10,0.5303844926476301
0.1,11,0.5433500185196918
0.1,12,0.5546822500943752
0.1,13,0.565672090442176
0.1,14,0.5757628210644377
0.1,15,0.5850646461900745
0.1,16,0.5938513173309341
0.1,17,0.6018271050816366
0.1,18,0.6090870393306617
0.1,19,0.6156110453475293
0.1,20,0.6222455594588256
0.1,21,0.6280100124135303
0.1,22,0.6332403844648568
0.1,23,0.6379953703314106
0.1,24,0.6423890976697308
0.1,25,0.6463888211268908
0.1,26,0.6503112488827912
0.1,27,0.6535645239338429
0.1,28,0.6569287907957779
0.1,29,0.660192592513232
0.1,30,0.6629399902127021
0.1,31,0.6654842134242333
0.1,32,0.6684779156119393
0.1,33,0.6705565412636147
0.1,34,0.6726471997255947
0.1,35,0.6744216977678558
0.1,36,0.6762547096843103
0.1,37,0.6779617139721481
0.1,38,0.6795670540721837
0.1,39,0.6810931312803025
0.1,40,0.6821740796128698
0.1,41,0.6837655779496621
0.1,42,0.6850497371473762
0.1,43,0.6865173825955244
0.1,44,0.6877117165215784
0.1,45,0.6883527467278425
0.1,46,0.6891498567635641
0.1,47,0.69015296470976
0.1,48,0.6909225197791526
0.1,49,0.6915692106361955
0.1,50,0.6925416488218592
0.1,51,0.6933367680891794
0.1,52,0.6942878677580441
0.1,53,0.6948376509672148
0.1,54,0.6950924869818635
0.1,55,0.6953169687502379
0.1,56,0.6958523310886545
0.1,57,0.6960381069697087
0.1,58,0.6964520506285927
0.1,59,0.6964723156849922
0.1,60,0.6966582844702455
0.1,61,0.6972778337930086
0.1,62,0.6974247690774993
0.1,63,0.6978821615780336
0.1,64,0.6980690974794773
0.1,65,0.6979204882188939
0.1,66,0.6983241495959395
0.1,67,0.6981102550311491
0.1,68,0.6981120963791682
0.1,69,0.6978923755533661
0.1,70,0.6980807736810403
0.1,71,0.6983837066300521
0.1,72,0.698361225893781
0.1,73,0.6985505630054424
0.1,74,0.6987488839569138
0.1,75,0.6987059810917176
0.1,76,0.6983752216728615
0.1,77,0.6986873801687535
0.1,78,0.6989339851610218
0.1,79,0.6992060236469722
0.1,80,0.6987637308389172
0.1,81,0.6986506095641982
0.1,82,0.698764024401211
0.1,83,0.6989020440650329
0.1,84,0.6988957090597679
0.1,85,0.6986567329197895
0.1,86,0.6983263975280805
0.1,87,0.6984287609553363
0.1,88,0.6986992212159728
0.1,89,0.6987272219040896
0.1,90,0.6986256492758135
0.1,91,0.6990641645571801
0.1,92,0.6990772356681176
0.1,93,0.6991097410005425
0.1,94,0.6988056949700825
0.1,95,0.6989945400509653
0.1,96,0.698806219907153
0.1,97,0.6987127901371797
0.1,98,0.6988114821611408
0.1,99,0.6988498162940598
0.1,100,0.6988952502049947
0.1,101,0.6987181362880315
0.1,102,0.6991520614410264
0.1,103,0.6992271724170368
0.1,104,0.6993209843715982
0.1,105,0.6994928118559325
0.1,106,0.6993870571640741
0.1,107,0.6994721831481177
0.1,108,0.6993270535802393
0.1,109,0.699727857277391
0.1,110,0.7000040506766682
0.1,111,0.7000283021813877
0.1,112,0.6999827937996357
0.1,113,0.700032979849422
0.1,114,0.7000299886007814
0.1,115,0.7001341577172336
0.1,116,0.700366618376294
0.1,117,0.7000043540224493
0.1,118,0.6999048742979663
0.1,119,0.6998594163289059
0.1,120,0.700113590194444
0.1,121,0.7006685118525158
0.1,122,0.7004849438354435
0.1,123,0.7007780425640767
0.1,124,0.7004946634878071
0.1,125,0.7003429006051085
0.1,126,0.7004274315318613
0.1,127,0.7003775114087483
0.1,128,0.7002562529031554
0.1,129,0.7002093932696704
0.1,130,0.700220233341
0.1,131,0.700223625767407
0.1,132,0.700018252741226
0.1,133,0.6999251362113936
0.1,134,0.6995964301096403
0.1,135,0.6996335965889926
0.1,136,0.699963562485674
0.1,137,0.6997596576540992
0.1,138,0.7003341598314858
0.1,139,0.7000553208140409
0.1,140,0.7002941309109901
0.1,141,0.7003348081993497
0.1,142,0.699918226212514
0.1,143,0.699487261664996
0.1,144,0.69954902461462
0.1,145,0.6995875303409872
0.1,146,0.699661848628593
0.1,147,0.7003440052385177
0.1,148,0.7003842059208101
0.1,149,0.7006036159272472
0.1,150,0.7005854039856415
0.1,151,0.7004326049264392
0.1,152,0.7005191616346756
0.1,153,0.700708389377956
0.1,154,0.7007077956503933
0.1,155,0.7004996331665367
0.1,156,0.7007520401799063
0.1,157,0.7009403296225933
0.1,158,0.7009562452415615
0.1,159,0.700775186247126
0.1,160,0.7008778475350601
0.1,161,0.7006987576092117
0.1,162,0.7002822145799498
0.1,163,0.7003184454272884
0.1,164,0.7006528085521527
0.1,165,0.7007199813939653
0.1,166,0.7005890795194365
0.1,167,0.7006475183639617
0.1,168,0.7009442326537498
0.1,169,0.7008379968904761
0.1,170,0.7007082458210142
0.1,171,0.7004061520453668
0.1,172,0.7004551271840582
0.1,173,0.7006038800811301
0.1,174,0.7009011506303787
0.1,175,0.7008364027072104
0.1,176,0.7006723382298468
0.1,177,0.700417527992521
0.1,178,0.7005214571385374
0.1,179,0.7003249240651889
0.1,180,0.7005246086463718
0.1,181,0.7002329337294931
0.1,182,0.7003027021021059
0.1,183,0.7005808173921763
0.1,184,0.7005922924987911
0.1,185,0.7009262123935787
0.1,186,0.7009152123132419
0.1,187,0.701263183798349
0.1,188,0.7010790835836062
0.1,189,0.7006243155524371
0.1,190,0.7000949176556749
0.1,191,0.7001258405655029
0.1,192,0.6999969953431724
0.1,193,0.6999340802357057
0.1,194,0.699726879049131
0.1,195,0.6998014929047219
0.1,196,0.7000528721822061
0.1,197,0.6998917826283985
0.1,198,0.7000772251939918
0.1,199,0.700388801562025
0.3,0,0.3892980000000005
0.3,1,0.4582200000000005
0.3,2,0.5118711600000005
0.3,3,0.5541721680000005
0.3,4,0.5877276384000004
0.3,5,0.6132323019000004
0.3,6,0.6334397481900005
0.3,7,0.6484779063480005
0.3,8,0.6602059792972205
0.3,9,0.6691387849297504
0.3,10,0.6769022713739836
0.3,11,0.6828774477240733
0.3,12,0.6853560458418574
0.3,13,0.68898291845235
0.3,14,0.6914987730499911
0.3,15,0.6931601332848508
0.3,16,0.6952347056713596
0.3,17,0.6963163662124612
0.3,18,0.6966314109365928
0.3,19,0.6967048911717252
0.3,20,0.6982249869798846
0.3,21,0.6982352967854105
0.3,22,0.6984620061294522
0.3,23,0.6981426286794268
0.3,24,0.697773130397558
0.3,25,0.6974156298138441
0.3,26,0.6976554287191814
0.3,27,0.6966812878163728
0.3,28,0.6969351055628611
0.3,29,0.6977787755846196
0.3,30,0.6976893880122615
0.3,31,0.6975455485301305
0.3,32,0.6992446883740819
0.3,33,0.6983758233476144
0.3,34,0.6984897655692194
0.3,35,0.6980123087532111
0.3,36,0.6980710201704617
0.3,37,0.6983373546120057
0.3,38,0.6985550384994371
0.3,39,0.6989917207788262
0.3,40,0.6981565827855802
0.3,41,0.6992061368971888
0.3,42,0.6995743574873271
0.3,43,0.7007183914149294
0.3,44,0.7010676077558322
0.3,45,0.7000373990847605
0.3,46,0.699711511509595
0.3,47,0.7002903502660217
0.3,48,0.7001144305540347
0.3,49,0.700088961959544
0.3,50,0.7008585719191645
0.3,51,0.7013721942614274
0.3,52,0.7023885269542351
0.3,53,0.7021706545655257
0.3,54,0.7013404012393047
0.3,55,0.7007064221464497
0.3,56,0.7010633291425661
0.3,57,0.7003689129036362
0.3,58,0.7006689937340954
0.3,59,0.6998088431866358
0.3,60,0.6995339918602096
0.3,61,0.7006878880037861
0.3,62,0.7003530359025938
0.3,63,0.7009794960499082
0.3,64,0.7008537634957311
0.3,65,0.6995747968101992
0.3,66,0.700478482362615
0.3,67,0.6993341546725612
0.3,68,0.699128297853788
0.3,69,0.69811535085528
0.3,70,0.698600412722969
0.3,71,0.6993287569530834
0.3,72,0.699031020473522
0.3,73,0.6993798892701598
0.3,74,0.6996899729033431
0.3,75,0.6992942935176069
0.3,76,0.6981646728556927
0.3,77,0.6990182027930097
0.3,78,0.6995969744309537
0.3,79,0.7001720139225389
0.3,80,0.6985834027516852
0.3,81,0.698335225912946
0.3,82,0.6988529339268545
0.3,83,0.6991861805707744
0.3,84,0.6993112129875623
0.3,85,0.6983787517497443
0.3,86,0.6974590044832868
0.3,87,0.6980186338742245
0.3,88,0.6991062367776703
0.3,89,0.6989587835940297
0.3,90,0.698595268652507
0.3,91,0.699937966727221
0.3,92,0.6995968482986831
0.3,93,0.6995597766838437
0.3,94,0.6984110664858882
0.3,95,0.6987978964591539
0.3,96,0.6981761039036851
0.3,97,0.6981969777683982
0.3,98,0.6986902422198997
0.3,99,0.6989421190311823
0.3,100,0.6990648736611036
0.3,101,0.698454001608727
0.3,102,0.6998447824796418
0.3,103,0.6998819507681913
0.3,104,0.7000713028760431
0.3,105,0.7003954067102779
0.3,106,0.6997990928278122
0.3,107,0.7000764477795941
0.3,108,0.699502855526758
0.3,109,0.7008281272907351
0.3,110,0.7015775962363757
0.3,111,0.7013758920213526
0.3,112,0.700778575390287
0.3,113,0.7006690399873282
0.3,114,0.7005478156193763
0.3,115,0.7007591748247723
0.3,116,0.7014186695330611
0.3,117,0.70022106045616
0.3,118,0.6996664283740965
0.3,119,0.6995916819782444
0.3,120,0.7005145295404667
0.3,121,0.7019051854316559
0.3,122,0.7008526185904332
0.3,123,0.7016246414002016
0.3,124,0.7006215544207811
0.3,125,0.7000945614782359
0.3,126,0.7003490529109077
0.3,127,0.6998854950542807
0.3,128,0.699686087784672
0.3,129,0.6996883042590872
0.3,130,0.6998063605131115
0.3,131,0.6999501532822385
0.3,132,0.69945873180762
0.3,133,0.6991643078681099
0.3,134,0.6982666718129706
0.3,135,0.6985643702537417
0.3,136,0.6997523368311127
0.3,137,0.6991146232090882
0.3,138,0.7011401833137003
0.3,139,0.7000157348603304
0.3,140,0.7007354113999308
0.3,141,0.7008273048921733
0.3,142,0.6993528832279958
0.3,143,0.6982172210460306
0.3,144,0.6987287239977695
0.3,145,0.6989131234804244
0.3,146,0.6994492023873655
0.3,147,0.7014989257357211
0.3,148,0.7013080432483598
0.3,149,0.7016268067637328
0.3,150,0.7013467629718424
0.3,151,0.7008221165741199
0.3,152,0.7009587540042491
0.3,153,0.7014198970373497
0.3,154,0.7013095203821712
0.3,155,0.7006456061204223
0.3,156,0.7015039790363186
0.3,157,0.7018213794717986
0.3,158,0.7018386338857924
0.3,159,0.7010524160233522
0.3,160,0.7013513237896086
0.3,161,0.7006756493604138
0.3,162,0.6994232336780983
0.3,163,0.7000171992529122
0.3,164,0.7008233707174679
0.3,165,0.7008871674738928
0.3,166,0.7004544523516413
0.3,167,0.7007868242779377
0.3,168,0.7015357020571671
0.3,169,0.7012061049257912
0.3,170,0.7007501341632308
0.3,171,0.6997958634969842
0.3,172,0.7000668796608218
0.3,173,0.7006526851917486
0.3,174,0.7016292910865422
0.3,175,0.7011891916714774
0.3,176,0.7005875634878698
0.3,177,0.6999167328503526
0.3,178,0.7004455287209127
0.3,179,0.6999028030871607
0.3,180,0.7005734382580912
0.3,181,0.6997860923203638
0.3,182,0.7001345737089173
0.3,183,0.7009515037489374
0.3,184,0.7010048088931545
0.3,185,0.7019544318307608
0.3,186,0.7016205439271138
0.3,187,0.7027062661917686
0.3,188,0.7018628107136042
0.3,189,0.700298918508032
0.3,190,0.6987558306324673
0.3,191,0.699198350956237
0.3,192,0.6990384284625955
0.3,193,0.6988622046471369
0.3,194,0.6983067894529325
0.3,195,0.6989459057671833
0.3,196,0.699889511463711
0.3,197,0.6995446157657044
0.3,198,0.7001623748745496
0.3,199,0.7012173350806133
0.6,0,0.47859600000000035
0.6,1,0.5768040000000004
0.6,2,0.6304972800000005
0.6,3,0.6621041280000004
0.6,4,0.6800547648000004
0.6,5,0.6901304448000005
0.6,6,0.6962627251200004
0.6,7,0.6979163128320005
0.6,8,0.6991322648678405
0.6,9,0.6994506615398405
0.6,10,0.701572148461978
0.6,11,0.7025123821375493
0.6,12,0.6984403563023898
0.6,13,0.6996801340550189
0.6,14,0.7000968633747254
0.6,15,0.6993511937004758
0.6,16,0.7005734709735681
0.6,17,0.7005379982571401
0.6,18,0.6988299590275617
0.6,19,0.6977960799589934
0.6,20,0.7001873876548226
0.6,21,0.6992759684778175
0.6,22,0.6996923728331399
0.6,23,0.6985000118232223
0.6,24,0.6976028099366232
0.6,25,0.6972854401751729
0.6,26,0.6978393610046729
0.6,27,0.6960454539081488
0.6,28,0.6965952549095146
0.6,29,0.6985758089769607
0.6,30,0.6981461945763057
0.6,31,0.6979598170030181
0.6,32,0.7010582169262416
0.6,33,0.6981172173979482
0.6,34,0.6987367025228624
0.6,35,0.6977276389537675
0.6,36,0.6977769922825684
0.6,37,0.6987471632779584
0.6,38,0.6988913116847292
0.6,39,0.6995528333651712
0.6,40,0.6974497411206942
0.6,41,0.6997709274394909
0.6,42,0.7001386638308813
0.6,43,0.702201259060731
0.6,44,0.7023613592683858
0.6,45,0.6998282893597343
0.6,46,0.6988658362431819
0.6,47,0.70070473924031
0.6,48,0.6996620423923747
0.6,49,0.7002055491540261
0.6,50,0.7013117579452965
0.6,51,0.702298280765659
0.6,52,0.7041154912777846
0.6,53,0.7028648413043537
0.6,54,0.700911026356429
0.6,55,0.6998633196770413
0.6,56,0.7008185166786736
0.6,57,0.6994429976050479
0.6,58,0.7003111588012838
0.6,59,0.6988080066982866
0.6,60,0.6986640470435849
0.6,61,0.7012872948949908
0.6,62,0.7003447750255358
0.6,63,0.7012722574500959
0.6,64,0.701124567627856
0.6,65,0.6978845362085339
0.6,66,0.7006426245135016
0.6,67,0.6984717927189062
0.6,68,0.6986207817173138
0.6,69,0.6965739151306605
0.6,70,0.6980176664853639
0.6,71,0.6995986805344288
0.6,72,0.6990912668732138
0.6,73,0.6996596151985223
0.6,74,0.7000500788122541
0.6,75,0.6988694382796509
0.6,76,0.696509453299209
0.6,77,0.6985282413145079
0.6,78,0.6995428998207038
0.6,79,0.7004475464079615
0.6,80,0.6967245667438949
0.6,81,0.6970447501822561
0.6,82,0.698839401848275
0.6,83,0.6993638452124357
0.6,84,0.699970570080168
0.6,85,0.6974354759692027
0.6,86,0.6964579594022295
0.6,87,0.6981433506882356
0.6,88,0.7004426475245009
0.6,89,0.6992120498943946
0.6,90,0.698490706140514
0.6,91,0.701168475562814
0.6,92,0.6996221530856448
0.6,93,0.6995254290522109
0.6,94,0.6970323847980476
0.6,95,0.6980333877096015
0.6,96,0.6967301639673187
0.6,97,0.697916039398013
0.6,98,0.6992291030788823
0.6,99,0.6998002663496413
0.6,100,0.6996415888590015
0.6,101,0.6980776711916363
0.6,102,0.7010568190130353
0.6,103,0.700775267761045
0.6,104,0.7008933516219925
0.6,105,0.7009369129380623
0.6,106,0.6993046285384372
0.6,107,0.7000535974166876
0.6,108,0.6987658729239734
0.6,109,0.7017738581178083
0.6,110,0.7032185477107479
0.6,111,0.7021321049388213
0.6,112,0.700203464869579
0.6,113,0.6998232527849989
0.6,114,0.7000499806968421
0.6,115,0.700664127099919
0.6,116,0.7021607488199197
0.6,117,0.6996719594848158
0.6,118,0.6981939728056276
0.6,119,0.6984897747630885
0.6,120,0.70079165224269
0.6,121,0.7029967999975664
0.6,122,0.7001689994907552
0.6,123,0.702016678214374
0.6,124,0.7000433693894738
0.6,125,0.6990704689570916
0.6,126,0.7002805713789414
0.6,127,0.6985174366988496
0.6,128,0.6988958140804047
0.6,129,0.69953447284663
0.6,130,0.6997775420880907
0.6,131,0.7001885988657901
0.6,132,0.6991666509657952
0.6,133,0.698380274853679
0.6,134,0.6967455521048244
0.6,135,0.6975599717681455
0.6,136,0.7003835101322093
0.6,137,0.6987069805279539
0.6,138,0.7030397016016624
0.6,139,0.6998921059251906
0.6,140,0.7011216332857099
0.6,141,0.7010674722254963
0.6,142,0.6976423585712795
0.6,143,0.6964034478174232
0.6,144,0.6982762005377675
0.6,145,0.6984974269050919
0.6,146,0.700122886294706
0.6,147,0.7038111662932676
0.6,148,0.7022985115462383
0.6,149,0.7023291622884698
0.6,150,0.701512761657626
0.6,151,0.7006913200736483
0.6,152,0.7009745472107218
0.6,153,0.7019142883112134
0.6,154,0.7015235899707044
0.6,155,0.7002044714843918
0.6,156,0.7024719679523267
0.6,157,0.7026775496390656
0.6,158,0.7027993254126487
0.6,159,0.7006186051601264
0.6,160,0.7015155932674277
0.6,161,0.6999829761864149
0.6,162,0.6977082908474904
0.6,163,0.700155105381598
0.6,164,0.7014325831916782
0.6,165,0.7010084549948388
0.6,166,0.7002125918038472
0.6,167,0.7009576051795657
0.6,168,0.7019772339707623
0.6,169,0.7013664880051009
0.6,170,0.700469377130009
0.6,171,0.6986700038340868
0.6,172,0.699687978183346
0.6,173,0.7011636614406908
0.6,174,0.7031874657694915
0.6,175,0.701495406779185
0.6,176,0.7002750111262344
0.6,177,0.6990820005311386
0.6,178,0.7007413388396039
0.6,179,0.6995433497657244
0.6,180,0.7011905234110649
0.6,181,0.6995998039188494
0.6,182,0.7006193875582273
0.6,183,0.7021410119668807
0.6,184,0.7019669243143895
0.6,185,0.7034319771612144
0.6,186,0.7020293088271249
0.6,187,0.7043223858677375
0.6,188,0.7019064945927407
0.6,189,0.6986234406277476
0.6,190,0.6960737773205394
0.6,191,0.6983304543588754
0.6,192,0.6986142273731936
0.6,193,0.6980057214744645
0.6,194,0.6969736312237544
0.6,195,0.6988701378231152
0.6,196,0.7006085477709454
0.6,197,0.699685844815092
0.6,198,0.7008541164537736
0.6,199,0.7026519976985335
1.0,0,0.5976600000000005
1.0,1,0.6732600000000005
1.0,2,0.6901200000000004
1.0,3,0.6975600000000004
1.0,4,0.6993000000000005
1.0,5,0.7023600000000004
1.0,6,0.7035600000000004
1.0,7,0.7008600000000004
1.0,8,0.7002600000000004
1.0,9,0.6994800000000003
1.0,10,0.7035000000000003
1.0,11,0.7032600000000003
1.0,12,0.6958800000000004
1.0,13,0.7001400000000004
1.0,14,0.7007400000000004
1.0,15,0.6981000000000005
1.0,16,0.7009800000000004
1.0,17,0.7012200000000004
1.0,18,0.6970200000000004
1.0,19,0.6966000000000004
1.0,20,0.7012800000000005
1.0,21,0.6989400000000004
1.0,22,0.7003800000000004
1.0,23,0.6969600000000004
1.0,24,0.6971400000000004
1.0,25,0.6979800000000005
1.0,26,0.6992400000000005
1.0,27,0.6953400000000005
1.0,28,0.6962400000000004
1.0,29,0.6997200000000003
1.0,30,0.6986400000000005
1.0,31,0.6987000000000004
1.0,32,0.7028400000000005
1.0,33,0.6954000000000005
1.0,34,0.6991200000000005
1.0,35,0.6974400000000004
1.0,36,0.6975600000000004
1.0,37,0.6996000000000003
1.0,38,0.6991800000000005
1.0,39,0.6994200000000005
1.0,40,0.6958800000000004
1.0,41,0.7014000000000005
1.0,42,0.7001400000000004
1.0,43,0.7042200000000004
1.0,44,0.7036200000000004
1.0,45,0.6984600000000004
1.0,46,0.6970200000000004
1.0,47,0.7020600000000005
1.0,48,0.6987600000000005
1.0,49,0.7009800000000004
1.0,50,0.7022400000000004
1.0,51,0.7033800000000003
1.0,52,0.7060200000000004
1.0,53,0.7028400000000005
1.0,54,0.6993000000000005
1.0,55,0.6984600000000004
1.0,56,0.7009800000000004
1.0,57,0.6990000000000005
1.0,58,0.7003200000000004
1.0,59,0.6975600000000004
1.0,60,0.6979800000000005
1.0,61,0.7031400000000003
1.0,62,0.6997800000000004
1.0,63,0.7012200000000004
1.0,64,0.7015800000000004
1.0,65,0.6952200000000005
1.0,66,0.7027800000000005
1.0,67,0.6975600000000004
1.0,68,0.6989400000000004
1.0,69,0.6946800000000004
1.0,70,0.6987600000000005
1.0,71,0.7002000000000004
1.0,72,0.6998400000000004
1.0,73,0.7001400000000004
1.0,74,0.7003200000000004
1.0,75,0.6976200000000005
1.0,76,0.6938400000000005
1.0,77,0.6984600000000004
1.0,78,0.6991200000000005
1.0,79,0.7009800000000004
1.0,80,0.6930600000000005
1.0,81,0.6960600000000003
1.0,82,0.6997200000000003
1.0,83,0.6999600000000004
1.0,84,0.7013400000000004
1.0,85,0.6950400000000004
1.0,86,0.6960600000000003
1.0,87,0.6996000000000003
1.0,88,0.7021200000000004
1.0,89,0.6982800000000005
1.0,90,0.6980400000000004
1.0,91,0.7032600000000003
1.0,92,0.6990000000000005
1.0,93,0.6995400000000005
1.0,94,0.6949200000000004
1.0,95,0.6985200000000005
1.0,96,0.6946800000000004
1.0,97,0.6984600000000004
1.0,98,0.7008000000000004
1.0,99,0.7008600000000004
1.0,100,0.6999600000000004
1.0,101,0.6966600000000004
1.0,102,0.7031400000000005
1.0,103,0.7020600000000005
1.0,104,0.7017000000000004
1.0,105,0.7008000000000004
1.0,106,0.6975000000000005
1.0,107,0.6996600000000004
1.0,108,0.6973200000000004
1.0,109,0.7030800000000005
1.0,110,0.7050000000000004
1.0,111,0.7019400000000005
1.0,112,0.6986400000000005
1.0,113,0.6979800000000005
1.0,114,0.6996600000000004
1.0,115,0.7008600000000004
1.0,116,0.7035000000000003
1.0,117,0.6985800000000004
1.0,118,0.6958800000000004
1.0,119,0.6975600000000004
1.0,120,0.7017000000000004
1.0,121,0.7038000000000004
1.0,122,0.6988200000000004
1.0,123,0.7034400000000004
1.0,124,0.6993600000000005
1.0,125,0.6981000000000005
1.0,126,0.7018200000000004
1.0,127,0.6966600000000004
1.0,128,0.6990000000000005
1.0,129,0.7006200000000004
1.0,130,0.7000800000000004
1.0,131,0.7004400000000004
1.0,132,0.6979200000000004
1.0,133,0.6966600000000004
1.0,134,0.6948600000000005
1.0,135,0.6963600000000004
1.0,136,0.7019400000000005
1.0,137,0.6975600000000004
1.0,138,0.7056000000000004
1.0,139,0.6984600000000004
1.0,140,0.7011000000000004
1.0,141,0.7007400000000004
1.0,142,0.6943200000000005
1.0,143,0.6954000000000005
1.0,144,0.6998400000000004
1.0,145,0.6988200000000004
1.0,146,0.7015800000000004
1.0,147,0.7065000000000005
1.0,148,0.7015800000000004
1.0,149,0.7025400000000005
1.0,150,0.7012800000000005
1.0,151,0.7006200000000004
1.0,152,0.7009800000000004
1.0,153,0.7025400000000005
1.0,154,0.7015200000000005
1.0,155,0.6991800000000005
1.0,156,0.7039800000000004
1.0,157,0.7037400000000004
1.0,158,0.7035000000000003
1.0,159,0.6994800000000005
1.0,160,0.7024800000000004
1.0,161,0.6984600000000004
1.0,162,0.6952200000000005
1.0,163,0.7015200000000005
1.0,164,0.7028400000000005
1.0,165,0.7005000000000003
1.0,166,0.6998400000000004
1.0,167,0.7012800000000005
1.0,168,0.7022400000000004
1.0,169,0.7007400000000004
1.0,170,0.6997200000000003
1.0,171,0.6971400000000004
1.0,172,0.6998400000000004
1.0,173,0.7026000000000004
1.0,174,0.7053600000000004
1.0,175,0.7009800000000004
1.0,176,0.6989400000000004
1.0,177,0.6970200000000004
1.0,178,0.7020000000000004
1.0,179,0.6991200000000005
1.0,180,0.7025400000000005
1.0,181,0.6995400000000004
1.0,182,0.7017600000000005
1.0,183,0.7036800000000004
1.0,184,0.7024200000000005
1.0,185,0.7043400000000004
1.0,186,0.7012800000000005
1.0,187,0.7064400000000005
1.0,188,0.7005000000000003
1.0,189,0.6960600000000003
1.0,190,0.6933600000000004
1.0,191,0.6993600000000005
1.0,192,0.6998400000000004
1.0,193,0.6965400000000004
1.0,194,0.6954600000000005
1.0,195,0.6998400000000004
1.0,196,0.7020000000000004
1.0,197,0.6996600000000004
1.0,198,0.7021200000000004
1.0,199,0.7038600000000004
