theta,epsilon,delta_v,Value_High,Value_Low
0.25,0.1,0.2662387971193694,0.6715122440295622,0.40527344691019296
0.25,0.1,0.36592003930944683,0.7636501773074222,0.3977301379979753
0.25,0.1,0.24622038927275128,0.6511848097632957,0.40496442049054443
0.25,0.1,0.3494467353616266,0.7052692126481925,0.35582247728656574
0.25,0.1,0.26477992527612576,0.660537097656486,0.3957571723803604
0.25,0.1,0.3129753827826169,0.7147118398430814,0.40173645706046457
0.25,0.1,0.36425339683480545,0.7582785547102824,0.394025157875477
0.25,0.1,0.303085985001395,0.702548602888356,0.39946261788696097
0.25,0.1,0.306275122746685,0.6768573594871421,0.37058223674045704
0.25,0.1,0.3286598825504549,0.7070024908422781,0.3783426082918232
0.25,0.2,0.24503176152682327,0.6444014426195036,0.39936968109268045
0.25,0.2,0.15325614991821795,0.5774954359861085,0.4242392860678905
0.25,0.2,0.28558128246131864,0.6801996586937737,0.39461837623245516
0.25,0.2,0.22079890525876464,0.6310681722673369,0.4102692670085723
0.25,0.2,0.340587692567615,0.7086602449916601,0.368072552424045
0.25,0.2,0.1396293425025329,0.5611900054955252,0.4215606629929923
0.25,0.2,0.16175773015747835,0.5960088674339594,0.434251137276481
0.25,0.2,0.30334501473902287,0.6850975428355097,0.3817525280964869
0.25,0.2,0.13332666473563012,0.555300948939645,0.421974284204015
0.25,0.2,0.2531761907020259,0.6701726572077205,0.41699646650569455
0.25,0.3,0.20063616696342643,0.6058831482175904,0.4052469812541639
0.25,0.3,0.12469453390870201,0.5506668769845678,0.42597234307586584
0.25,0.3,0.08962443434542752,0.5202458221792196,0.43062138783379206
0.25,0.3,0.19703735163513644,0.5880865865578244,0.391049234922688
0.25,0.3,0.18984339294281466,0.6042438773198751,0.4144004843770604
0.25,0.3,0.2656947123432583,0.6674228882178072,0.40172817587454884
0.25,0.3,0.1974923460690402,0.5968307782869355,0.3993384322178953
0.25,0.3,0.18782787252511213,0.5844853224959742,0.396657449970862
0.25,0.3,0.10718774453850635,0.536038567438142,0.4288508228996358
0.25,0.3,0.1566578195232279,0.5843788460119579,0.42772102648872995
0.25,0.4,0.11209990872726916,0.5320495563871844,0.4199496476599153
0.25,0.4,0.1570107952563742,0.5662042569340953,0.40919346167772114
0.25,0.4,0.16231954854158243,0.5629883132459123,0.4006687647043298
0.25,0.4,0.24827198699272635,0.6236000648883507,0.3753280778956244
0.25,0.4,0.13334426793087203,0.5337964676452508,0.40045219971437873
0.25,0.4,0.09785904998722099,0.49664128866288615,0.39878223867566504
0.25,0.4,0.22828178877350058,0.5963006761569316,0.3680188873834311
0.25,0.4,0.16046352622139368,0.5682818825874203,0.4078183563660267
0.25,0.4,0.13698710598573258,0.5433984429714431,0.4064113369857106
0.25,0.4,0.20653446362451297,0.6071275962958264,0.4005931326713133
0.25,0.5,0.07038986501576684,0.49368615881613964,0.42329629380037276
0.25,0.5,0.1403890470526145,0.5557948302646105,0.41540578321199606
0.25,0.5,0.1050727472394237,0.5379844151704468,0.4329116679310232
0.25,0.5,0.14511643991644643,0.5527163239164437,0.40759988399999736
0.25,0.5,0.1818574008658772,0.6162899254521353,0.4344325245862581
0.25,0.5,0.2371226528244199,0.6229587988115055,0.38583614598708543
0.25,0.5,0.12216509433788099,0.5494465834389275,0.42728148910104663
0.25,0.5,0.15598404304598754,0.5448876431338462,0.3889036000878587
0.25,0.5,0.07824831102481529,0.5291651083994017,0.45091679737458656
0.25,0.5,0.16632570393818139,0.598695751624884,0.4323700476867026
0.25,0.6,0.21222851897971914,0.6076609754972435,0.39543245651752423
0.25,0.6,0.13377275804957103,0.5560975032630219,0.4223247452134508
0.25,0.6,0.12639100391008526,0.5344380739585404,0.40804707004845503
0.25,0.6,0.10488123852990922,0.5189969572922761,0.41411571876236686
0.25,0.6,0.10993121667998276,0.5345216262500307,0.424590409570048
0.25,0.6,0.0836505520776244,0.5212123638389489,0.43756181176132436
0.25,0.6,0.07607070249309618,0.49034328187218684,0.41427257937909057
0.25,0.6,0.09020604211266306,0.5087255219525356,0.4185194798398726
0.25,0.6,0.053596972827364094,0.5081632833114523,0.4545663104840882
0.25,0.6,0.1551370306374018,0.5340187326422271,0.3788817020048252
0.25,0.7,0.10847885077478175,0.5263244386914754,0.41784558791669374
0.25,0.7,0.13305607814925147,0.5285258651545119,0.39546978700526053
0.25,0.7,0.22161144123361928,0.6212122575611589,0.3996008163275395
0.25,0.7,0.1329623086131714,0.5677347814853357,0.43477247287216436
0.25,0.7,0.13810511091745462,0.5532070563371179,0.4151019454196633
0.25,0.7,0.09015512494411634,0.5099328216732308,0.4197776967291146
0.25,0.7,0.11770744048951322,0.5413963091214271,0.4236888686319137
0.25,0.7,0.11717006920512363,0.5378055526459129,0.42063548344078916
0.25,0.7,0.08324720234704294,0.5033222692228463,0.42007506687580337
0.25,0.7,0.17065848852884927,0.5597161260273096,0.38905763749846023
0.25,0.8,0.17808797330692222,0.5656009896300417,0.3875130163231194
0.25,0.8,0.11448425556569199,0.5355350459674644,0.42105079040177246
0.25,0.8,0.13162020184097023,0.5737360958589451,0.4421158940179749
0.25,0.8,0.11052471091032304,0.5362539759310936,0.4257292650207705
0.25,0.8,0.06354695991318357,0.4962872355675977,0.43274027565441414
0.25,0.8,0.19700500369538773,0.5888543248110282,0.39184932111564036
0.25,0.8,0.20440467536458104,0.6043778586089879,0.39997318324440667
0.25,0.8,0.0876243821982187,0.49766347756791474,0.41003909536969596
0.25,0.8,0.1316177368688406,0.5416896717194244,0.41007193485058374
0.25,0.8,0.11380494282744001,0.5217319136769372,0.40792697084949714
0.25,0.9,0.04488393828870346,0.48912051477908247,0.444236576490379
0.25,0.9,0.048891127069515726,0.47142589895293335,0.4225347718834175
0.25,0.9,0.1675914781674563,0.5689920869008859,0.4014006087334296
0.25,0.9,0.11106855805504409,0.5421250640395128,0.43105650598446865
0.25,0.9,0.12825744037441325,0.5383083905801089,0.4100509502056957
0.25,0.9,0.06248206381732739,0.49425650014018757,0.4317744363228602
0.25,0.9,0.10428734161575573,0.5227088574035903,0.41842151578783443
0.25,0.9,0.06511871561022732,0.5011215182826987,0.4360028026724714
0.25,0.9,0.08579777216929357,0.5204185841699431,0.43462081200064956
0.25,0.9,0.13901790715484189,0.5423239592587211,0.4033060521038792
0.25,1.0,0.1286551820432691,0.5390942180358964,0.41043903599262727
0.25,1.0,0.15226165394329627,0.582275323265492,0.4300136693221958
0.25,1.0,0.04902149527312807,0.48572271095054276,0.43670121567741477
0.25,1.0,0.1823393528001479,0.589016200407192,0.40667684760704426
0.25,1.0,0.14945584399783537,0.5660444727588864,0.4165886287610511
0.25,1.0,0.10818593685520493,0.5275822859415282,0.41939634908632334
0.25,1.0,0.1432184577092077,0.5586338312111497,0.4154153735019419
0.25,1.0,0.06080418938454934,0.4847550183843287,0.4239508289997793
0.25,1.0,0.07534566480674963,0.5169861647202382,0.44164049991348847
0.25,1.0,0.16767628080400107,0.582415366099527,0.4147390852955259
0.5,0.1,0.43420564647162235,0.7655813522700433,0.3313757057984209
0.5,0.1,0.4540658869813187,0.7778319559099502,0.3237660689286315
0.5,0.1,0.3979504080294208,0.7399412280013613,0.3419908199719407
0.5,0.1,0.30405315941538746,0.6549360460806546,0.35088288666526707
0.5,0.1,0.47519346929269857,0.802064942383976,0.3268714730912773
0.5,0.1,0.37442205968454473,0.7016847760260666,0.3272627163415218
0.5,0.1,0.45356650035102725,0.7735388635545832,0.31997236320355626
0.5,0.1,0.44724631022931,0.7723579778914821,0.32511166766217214
0.5,0.1,0.48301904510441346,0.8074810953608663,0.3244620502564529
0.5,0.1,0.5188566799297136,0.8206426634373273,0.3017859835076136
0.5,0.2,0.31198058371442255,0.6726737455492553,0.36069316183483274
0.5,0.2,0.37404064292804035,0.6975528463643819,0.3235122034363414
0.5,0.2,0.30055538074013965,0.6459276411497104,0.34537226040957086
0.5,0.2,0.3348099944159138,0.6695073391634062,0.33469734474749246
0.5,0.2,0.26461936473477865,0.6236719183126059,0.3590525535778272
0.5,0.2,0.305485417249885,0.6490513208006891,0.3435659035508042
0.5,0.2,0.38561399564136023,0.7097679948741974,0.3241539992328374
0.5,0.2,0.24245119148893973,0.6210270583472685,0.3785758668583288
0.5,0.2,0.3482270300648043,0.694094513785319,0.3458674837205149
0.5,0.2,0.3378174403187177,0.6783053180189529,0.3404878777002354
0.5,0.3,0.21223871400117236,0.6022400038627321,0.39000128986155985
0.5,0.3,0.3024684734866005,0.635854116080899,0.33338564259429854
0.5,0.3,0.31116136473408107,0.6797216682059343,0.36856030347185326
0.5,0.3,0.33803151288323746,0.6943146179902494,0.356283105107012
0.5,0.3,0.3300156476323339,0.672386112259073,0.3423704646267389
0.5,0.3,0.20122208537913433,0.5927280742967496,0.3915059889176152
0.5,0.3,0.2440497376506016,0.5972311106948478,0.3531813730442462
0.5,0.3,0.3367590162590253,0.6934314424236763,0.356672426164651
0.5,0.3,0.28943380523689327,0.6615866100103287,0.3721528047734355
0.5,0.3,0.2805724356113793,0.6409455333848625,0.3603730977734832
0.5,0.4,0.2663104949954356,0.6279815476559292,0.3616710526604936
0.5,0.4,0.25047626741097284,0.6240416214869611,0.3735653540759882
0.5,0.4,0.22076076891369908,0.5865671842597976,0.3658064153460985
0.5,0.4,0.21603564627443295,0.598424914878763,0.3823892686043302
0.5,0.4,0.22964861257566674,0.587444088558451,0.3577954759827842
0.5,0.4,0.22078892580691042,0.5990974419343625,0.3783085161274521
0.5,0.4,0.20447098964295404,0.579019114385167,0.374548124742213
0.5,0.4,0.3256364110070827,0.6635980649178467,0.33796165391076405
0.5,0.4,0.28521578935285485,0.634602109832395,0.34938632047954016
0.5,0.4,0.35170986035668844,0.6873830059579771,0.33567314560128847
0.5,0.5,0.2925770240999918,0.6558642052196078,0.36328718111961605
0.5,0.5,0.1842984019839121,0.5799641486652127,0.3956657466813006
0.5,0.5,0.2460605373000949,0.6006510550083117,0.3545905177082168
0.5,0.5,0.26434595533212074,0.6265944170718679,0.3622484617397471
0.5,0.5,0.23074698585621678,0.6013685638743383,0.37062157801812157
0.5,0.5,0.31528682294792304,0.6763157494143468,0.36102892646642387
0.5,0.5,0.16508410351571853,0.5469542911561018,0.3818701876403833
0.5,0.5,0.2255447749279007,0.6229559341170162,0.39741115918911546
0.5,0.5,0.2874103820292872,0.6642132470921913,0.37680286506290406
0.5,0.5,0.28392332323922104,0.6504525222021305,0.3665291989629095
0.5,0.6,0.18774255023052738,0.5863859485732231,0.3986433983426958
0.5,0.6,0.21128867306487295,0.6022923276853777,0.3910036546205047
0.5,0.6,0.21382807070346385,0.6021613809413341,0.3883333102378703
0.5,0.6,0.19078441304842247,0.5588010260135722,0.36801661296514987
0.5,0.6,0.24301298478105918,0.6225690132173063,0.3795560284362473
0.5,0.6,0.21021936030767793,0.5915919621957915,0.38137260188811356
0.5,0.6,0.1961649036021996,0.5697184662433697,0.3735535626411703
0.5,0.6,0.2321014870365563,0.6136332993065386,0.3815318122699823
0.5,0.6,0.22579800055912214,0.5902038078546962,0.3644058072955741
0.5,0.6,0.17163943262469794,0.5519058376984688,0.3802664050737708
0.5,0.7,0.14994507557821593,0.5475460453445173,0.3976009697663016
0.5,0.7,0.1458809281631026,0.5433019303568346,0.39742100219373205
0.5,0.7,0.23349132958763763,0.6035613123413643,0.3700699827537267
0.5,0.7,0.15184183948713909,0.5369347540507726,0.3850929145636335
0.5,0.7,0.25858539218919985,0.6117502022761259,0.3531648100869259
0.5,0.7,0.20811206008144512,0.604454551967748,0.39634249188630283
0.5,0.7,0.18464255904908797,0.5670670389198498,0.3824244798707619
0.5,0.7,0.3072940167111549,0.663552238932708,0.3562582222215533
0.5,0.7,0.09803191674766859,0.5069940561468487,0.4089621393991801
0.5,0.7,0.1359926133051034,0.5395581407246581,0.40356552741955476
0.5,0.8,0.11821940965020375,0.531554622614544,0.4133352129643403
0.5,0.8,0.12954985930273305,0.5402731635175063,0.41072330421477315
0.5,0.8,0.0980140605300292,0.5025956501647851,0.40458158963475604
0.5,0.8,0.11847589839929908,0.5055094312548094,0.38703353285551023
0.5,0.8,0.26057262750927257,0.6361878291911507,0.3756152016818782
0.5,0.8,0.18624563833957392,0.5802579030110855,0.39401226467151146
0.5,0.8,0.15831992759623903,0.5584426593472349,0.4001227317509959
0.5,0.8,0.1931552642738376,0.591453603695238,0.3982983394214004
0.5,0.8,0.1576646203258624,0.5634726299681236,0.40580800964226127
0.5,0.8,0.1328397279497724,0.5308575325826649,0.39801780463289255
0.5,0.9,0.09803668033408507,0.5211081471510927,0.4230714668170076
0.5,0.9,0.14103109125105256,0.5376989637566915,0.396667872505639
0.5,0.9,0.17033752633936072,0.5710506610839652,0.4007131347446045
0.5,0.9,0.16247007862458931,0.5611123498594334,0.3986422712348439
0.5,0.9,0.18336454517749762,0.5646825943318742,0.3813180491543766
0.5,0.9,0.18289669842177428,0.5793210540188515,0.3964243555970772
0.5,0.9,0.237636447161177,0.5980075133241459,0.36037106616296904
0.5,0.9,0.14951907750089574,0.5284582163945694,0.3789391388936736
0.5,0.9,0.16640125550962892,0.5584911468519651,0.3920898913423362
0.5,0.9,0.1591071745061083,0.5705839800915717,0.41147680558546346
0.5,1.0,0.15107605911881053,0.5469983435370738,0.39592228441826305
0.5,1.0,0.19146988068449908,0.5774334393397834,0.38596355865528414
0.5,1.0,0.1276058391345092,0.5159052390735038,0.3882993999389946
0.5,1.0,0.05987845365219969,0.4632863054158738,0.4034078517636741
0.5,1.0,0.06636680480475643,0.4858598216656742,0.4194930168609178
0.5,1.0,0.14074215058196335,0.5369417192567398,0.39619956867477657
0.5,1.0,0.15114146708675671,0.5320580215337218,0.38091655444696515
0.5,1.0,0.1273951613963206,0.5217536076020922,0.3943584462057715
0.5,1.0,0.20734205611718745,0.601204381166649,0.39386232504946134
0.5,1.0,0.13900493004879735,0.5330591393607524,0.39405420931195506
1.0,0.1,0.5920362077124866,0.8596738440333529,0.26763763632086635
1.0,0.1,0.581832633968514,0.8562718675906832,0.27443923362216927
1.0,0.1,0.6027606788475915,0.8528697901961189,0.2501091113485274
1.0,0.1,0.6031905362698916,0.8649932910235065,0.2618027547536148
1.0,0.1,0.5940363823909862,0.8397547359547012,0.24571835356371466
1.0,0.1,0.5937566531248047,0.8443900017111935,0.25063334858638897
1.0,0.1,0.5898020808939269,0.84343535482145,0.2536332739275229
1.0,0.1,0.6681432497907704,0.878756594111569,0.21061334432079856
1.0,0.1,0.6565966613347832,0.8836624701715553,0.22706580883677202
1.0,0.1,0.6193577779629971,0.8735159928450011,0.25415821488200396
1.0,0.2,0.5392349781005901,0.8127276775486034,0.27349269944801347
1.0,0.2,0.5060814595259006,0.7800765740569985,0.2739951145310981
1.0,0.2,0.49445678779648866,0.7757263873241584,0.28126959952766983
1.0,0.2,0.549052608489388,0.8201218543357858,0.2710692458463978
1.0,0.2,0.5348621766114661,0.8054198604385165,0.2705576838270503
1.0,0.2,0.4876648485483453,0.758776320117268,0.27111147156892257
1.0,0.2,0.5516494403056913,0.8278972533499872,0.276247813044296
1.0,0.2,0.5882579008735656,0.8384380561023974,0.250180155228832
1.0,0.2,0.5181880919569426,0.8068158121075042,0.28862772015056176
1.0,0.2,0.49059630179194813,0.8018200935920422,0.311223791800094
1.0,0.3,0.4741383489428912,0.7505753998506077,0.2764370509077168
1.0,0.3,0.49063665388573197,0.7698321556930555,0.27919550180732333
1.0,0.3,0.5170350782631895,0.8049295163016805,0.2878944380384907
1.0,0.3,0.36699023148954607,0.6877311580023598,0.32074092651281383
1.0,0.3,0.4438713144107602,0.7537003170759752,0.30982900266521485
1.0,0.3,0.40298378861057477,0.7046797016458819,0.30169591303530746
1.0,0.3,0.4198502610974187,0.7241658882962486,0.30431562719882993
1.0,0.3,0.45327384332533177,0.7566455075396817,0.30337166421435
1.0,0.3,0.37942507590702035,0.7114302342975583,0.33200515839053774
1.0,0.3,0.4429582988300087,0.7315513291170015,0.28859303028699285
1.0,0.4,0.40006466552907577,0.7141089169522769,0.3140442514232013
1.0,0.4,0.31355418878767155,0.6595195587743659,0.3459653699866943
1.0,0.4,0.348274579043968,0.6792697934582441,0.330995214414276
1.0,0.4,0.45442421276142525,0.7648000730593416,0.3103758602979163
1.0,0.4,0.38526355701243475,0.7152036591117106,0.3299401020992758
1.0,0.4,0.4188098072887755,0.7075608790703793,0.28875107178160403
1.0,0.4,0.3123325390752035,0.6581333267398608,0.34580078766465727
1.0,0.4,0.39827791586533723,0.7150661320929863,0.31678821622764913
1.0,0.4,0.3344925634968306,0.6408980212189513,0.30640545772212063
1.0,0.4,0.4005700006535671,0.6924449740317901,0.2918749733782227
1.0,0.5,0.39015698114279646,0.6913422645822549,0.3011852834394586
1.0,0.5,0.2579292646168205,0.6109885309022056,0.35305926628538536
1.0,0.5,0.3535861007813916,0.6926976296243681,0.3391115288429767
1.0,0.5,0.334034669086744,0.6650480285637528,0.33101335947700883
1.0,0.5,0.23589929869944348,0.6053369193937407,0.3694376206942971
1.0,0.5,0.39966823161832243,0.727099785568617,0.3274315539502944
1.0,0.5,0.19473788693391061,0.572770355054589,0.3780324681206782
1.0,0.5,0.3329671366731074,0.6541962061746434,0.3212290695015359
1.0,0.5,0.39460934062983866,0.7015242618498643,0.30691492122002567
1.0,0.5,0.18629301353454847,0.5593148825499233,0.37302186901537476
1.0,0.6,0.3147752053792596,0.6286983405922767,0.3139231352130172
1.0,0.6,0.28463010505848263,0.644070190815148,0.35944008575666536
1.0,0.6,0.3309696444230663,0.6659461561427484,0.3349765117196821
1.0,0.6,0.31418651901902195,0.6672928444565279,0.3531063254375059
1.0,0.6,0.29277644137018927,0.641971983394647,0.3491955420244578
1.0,0.6,0.3392423943657974,0.6752404372028213,0.3359980428370238
1.0,0.6,0.3414887468637993,0.6714867718076813,0.3299980249438819
1.0,0.6,0.30516377967595526,0.6427642248737031,0.3376004451977479
1.0,0.6,0.38443025831401406,0.7123565087082191,0.327926250394205
1.0,0.6,0.30281075148281283,0.6332822974692176,0.3304715459864048
1.0,0.7,0.3276045644233655,0.6551425661442171,0.32753800172085173
1.0,0.7,0.2150013094315803,0.5854777777974344,0.3704764683658541
1.0,0.7,0.35216136300395673,0.6721763884210723,0.32001502541711546
1.0,0.7,0.3117337284807812,0.6620653358371378,0.35033160735635677
1.0,0.7,0.35793704089316286,0.6925328235026487,0.3345957826094857
1.0,0.7,0.3179341820208558,0.6656772844145707,0.34774310239371486
1.0,0.7,0.25479942383151416,0.6048259012326702,0.3500264774011561
1.0,0.7,0.3186964209271054,0.6882731534473311,0.3695767325202257
1.0,0.7,0.2129252620926824,0.592294327422477,0.37936906532979464
1.0,0.7,0.3344645082198175,0.6637832699969899,0.3293187617771725
1.0,0.8,0.24971424833573064,0.6068672230949425,0.3571529747592118
1.0,0.8,0.29984794326289516,0.6450263005351737,0.3451783572722785
1.0,0.8,0.35756292440245274,0.6772724841090649,0.31970955970661236
1.0,0.8,0.23548125395478878,0.5957880811650395,0.36030682721025076
1.0,0.8,0.2074328916154935,0.5848532820644433,0.3774203904489498
1.0,0.8,0.2362702104514372,0.6196559462840621,0.3833857358326248
1.0,0.8,0.2812979288014651,0.6349641037608675,0.35366617495940245
1.0,0.8,0.21378360200402757,0.5986086499304794,0.3848250479264518
1.0,0.8,0.350261008000846,0.7043145552133374,0.35405354721249155
1.0,0.8,0.20241447006188357,0.5872833706681594,0.3848689006062757
1.0,0.9,0.2195676658756917,0.5678217628750777,0.348254096999386
1.0,0.9,0.32279669036526015,0.6433220448423238,0.3205253544770636
1.0,0.9,0.2472732667133041,0.5993297630320881,0.35205649631878394
1.0,0.9,0.2169508727573597,0.5814294425656709,0.36447856980831106
1.0,0.9,0.2689469535013978,0.6094991173459462,0.34055216384454845
1.0,0.9,0.2122560566762034,0.5837085808939058,0.37145252421770253
1.0,0.9,0.259332451066001,0.6039640830338446,0.3446316319678438
1.0,0.9,0.20965527529983877,0.5688709267020041,0.3592156514021654
1.0,0.9,0.2707051059775955,0.6421237154553607,0.3714186094777652
1.0,0.9,0.24728414822642558,0.6254637997588568,0.37817965153243116
1.0,1.0,0.28360305362786337,0.6480482941941726,0.36444524056630934
1.0,1.0,0.206042486004172,0.5819432982232204,0.3759008122190485
1.0,1.0,0.20940990346798255,0.5708687664690659,0.3614588630010834
1.0,1.0,0.2236278684729059,0.6021723650499926,0.3785444965770866
1.0,1.0,0.28607075832289275,0.633721549952244,0.34765079162935114
1.0,1.0,0.20423751280433478,0.58285820720677,0.37862069440243523
1.0,1.0,0.29483717032061413,0.6408847279361626,0.3460475576155485
1.0,1.0,0.20931658602912095,0.5670675949635131,0.35775100893439216
1.0,1.0,0.24409897112807957,0.593966558873404,0.34986758774532434
1.0,1.0,0.22030039463812867,0.5987878037628378,0.37848740912470924
2.0,0.1,0.7349374739391719,0.919147708250319,0.18421023431114705
2.0,0.1,0.7337676188349689,0.9085873905884185,0.1748197717534496
2.0,0.1,0.8005979724865937,0.9484067930463158,0.14780882055972236
2.0,0.1,0.7566842386434394,0.9038212093211544,0.14713697067771503
2.0,0.1,0.7721098889253755,0.9333991503222631,0.16128926139688773
2.0,0.1,0.7534308006779006,0.9022746792106006,0.14884387853269992
2.0,0.1,0.7446540481478507,0.9203407794537399,0.17568673130588913
2.0,0.1,0.8080154401991996,0.9448058850284324,0.13679044482923275
2.0,0.1,0.7060434095620971,0.8958301216163186,0.18978671205422143
2.0,0.1,0.7540081175572646,0.9257710187872451,0.17176290122998036
2.0,0.2,0.6396349874418944,0.8387079839818302,0.19907299653993593
2.0,0.2,0.6837899111767705,0.8796162789785897,0.19582636780181914
2.0,0.2,0.6109334959175565,0.8524893593465728,0.24155586342901628
2.0,0.2,0.6071667661528724,0.83045997852253,0.22329321236965768
2.0,0.2,0.6401119314235365,0.85740891232325,0.21729698089971344
2.0,0.2,0.6495794255212674,0.85008440588943,0.2005049803681627
2.0,0.2,0.645417864667604,0.8742521266857678,0.22883426201816384
2.0,0.2,0.6964188892397716,0.8850097988834742,0.1885909096437024
2.0,0.2,0.741055782851411,0.9128902700746094,0.17183448722319852
2.0,0.2,0.6426849655381511,0.8625682192028705,0.2198832536647194
2.0,0.3,0.5314085354306243,0.7727418018448563,0.24133326641423206
2.0,0.3,0.46834528365523265,0.7376059848335709,0.2692607011783382
2.0,0.3,0.5821092786775722,0.8239890946110746,0.24187981593350258
2.0,0.3,0.5862708949134556,0.8332625629333238,0.24699166801986813
2.0,0.3,0.5663768674303106,0.8102430822456697,0.24386621481535894
2.0,0.3,0.5000021713888075,0.7838760405846921,0.28387386919588464
2.0,0.3,0.6008685657361561,0.8436612266208188,0.24279266088466278
2.0,0.3,0.5901047611309989,0.8029609488647066,0.21285618773370782
2.0,0.3,0.6053422498497664,0.840242157387583,0.23489990753781664
2.0,0.3,0.586337571057182,0.8298352189987446,0.24349764794156242
2.0,0.4,0.50005209768684,0.7850380612050549,0.28498596351821515
2.0,0.4,0.49200280568849897,0.7866617872160506,0.2946589815275517
2.0,0.4,0.4616521307984422,0.762267123608793,0.3006149928103507
2.0,0.4,0.48354447366714476,0.7621989499362155,0.2786544762690709
2.0,0.4,0.4947879592024508,0.7779712455727363,0.2831832863702855
2.0,0.4,0.5655708963035017,0.8242381052855542,0.2586672089820526
2.0,0.4,0.48315326937120523,0.7673971715471063,0.28424390217590106
2.0,0.4,0.4884864320077542,0.7678142450011474,0.2793278129933931
2.0,0.4,0.5609371008204721,0.8268232700789944,0.26588616925852215
2.0,0.4,0.47432167959547783,0.737355463214513,0.26303378361903507
2.0,0.5,0.4805297950754132,0.781957842093361,0.3014280470179478
2.0,0.5,0.4814424168284933,0.7764975683717503,0.29505515154325684
2.0,0.5,0.415267773534949,0.717395895041929,0.3021281215069803
2.0,0.5,0.3565294206456141,0.6933343457318066,0.33680492508619275
2.0,0.5,0.45948682947928987,0.7579598421036117,0.29847301262432163
2.0,0.5,0.5050079090763095,0.7730334669130788,0.26802555783676923
2.0,0.5,0.4611908997154236,0.7326789472149855,0.2714880474995622
2.0,0.5,0.4508651005223527,0.7539475580809891,0.30308245755863644
2.0,0.5,0.5066910864675,0.7767443648503902,0.2700532783828899
2.0,0.5,0.5054538183695547,0.7858668166936613,0.2804129983241066
2.0,0.6,0.38117834674828477,0.7040930728112936,0.32291472606300886
2.0,0.6,0.36953397634785246,0.6926396514503226,0.3231056751024702
2.0,0.6,0.47457961278393007,0.7802841465097203,0.3057045337257902
2.0,0.6,0.4365901753026935,0.7753810098390487,0.3387908345363553
2.0,0.6,0.44680779637546963,0.7518517165817458,0.3050439202062764
2.0,0.6,0.39899025953397205,0.7117685316344368,0.31277827210046466
2.0,0.6,0.3669662029759004,0.7108324367448766,0.3438662337689763
2.0,0.6,0.4231870307704398,0.7356603674643736,0.3124733366939337
2.0,0.6,0.4250033041715321,0.7168137138545085,0.2918104096829765
2.0,0.6,0.4675427247179632,0.7613884856561007,0.29384576093813736
2.0,0.7,0.3843735117049728,0.7343000171182616,0.3499265054132888
2.0,0.7,0.34774318453936504,0.6857849027519695,0.3380417182126047
2.0,0.7,0.31986529647523765,0.6700603588503462,0.3501950623751087
2.0,0.7,0.40796838986290385,0.7205431146477586,0.3125747247848547
2.0,0.7,0.3547090838134285,0.6972091550984743,0.3425000712850459
2.0,0.7,0.4376641474384757,0.7798146737311628,0.34215052629268733
2.0,0.7,0.42102493270987096,0.745708230592441,0.32468329788256994
2.0,0.7,0.2833633290443612,0.6315135637939313,0.34815023474957
2.0,0.7,0.3831779310978842,0.7369121545364972,0.35373422343861305
2.0,0.7,0.3251341477473369,0.6652357543174022,0.3401016065700654
2.0,0.8,0.3607890380386658,0.7118344689461462,0.3510454309074802
2.0,0.8,0.3611986897313416,0.6993087261998909,0.3381100364685494
2.0,0.8,0.3915750622298526,0.7408178089984908,0.34924274676863803
2.0,0.8,0.3612316233986832,0.7202731052062005,0.35904148180751716
2.0,0.8,0.3144610366358939,0.6722262550093565,0.3577652183734623
2.0,0.8,0.3364982768032221,0.7064005246398781,0.3699022478366561
2.0,0.8,0.26184589757971477,0.6405495718128883,0.37870367423317364
2.0,0.8,0.2423772893044286,0.6029748244432834,0.3605975351388547
2.0,0.8,0.3258717800175305,0.6716175678196528,0.3457457878021223
2.0,0.8,0.3071764585824845,0.6365759022869097,0.3293994437044254
2.0,0.9,0.2856144769185692,0.6569508457186123,0.37133636880004295
2.0,0.9,0.3184135218544172,0.7023198515012773,0.38390632964685983
2.0,0.9,0.3752283614758341,0.7090116579514771,0.33378329647564314
2.0,0.9,0.2946359149020929,0.6623637874594865,0.36772787255739386
2.0,0.9,0.3017392696552124,0.6975908939156709,0.3958516242604585
2.0,0.9,0.29362941490997757,0.6346586670555638,0.3410292521455863
2.0,0.9,0.33283657993083315,0.710781047038102,0.3779444671072689
2.0,0.9,0.2611971993596961,0.6305748206559629,0.3693776212962667
2.0,0.9,0.268342402302789,0.6474271186480409,0.379084716345252
2.0,0.9,0.2310788373394044,0.6303935418038064,0.3993147044644019
2.0,1.0,0.3288166492387208,0.7051735072328758,0.37635685799415497
2.0,1.0,0.2385191937445667,0.6195859958263321,0.3810668020817654
2.0,1.0,0.229784169198787,0.6184393693204442,0.3886552001216572
2.0,1.0,0.27194142581789144,0.6543217533496333,0.3823803275317419
2.0,1.0,0.2586299868792813,0.6419727574133144,0.38334277053403293
2.0,1.0,0.29739035580106465,0.6695154868158744,0.3721251310148098
2.0,1.0,0.27637595314734154,0.6559393768066281,0.3795634236592864
2.0,1.0,0.32206400818583736,0.7143905784741935,0.392326570288356
2.0,1.0,0.29543586842028063,0.6566404199814694,0.36120455156118875
2.0,1.0,0.34992805474635236,0.7170179904223238,0.36708993567597153
4.0,0.1,0.81454489249501,0.9384101861439443,0.12386529364893416
4.0,0.1,0.8392557158474453,0.9618511547348392,0.12259543888739378
4.0,0.1,0.8322594393322962,0.9544805114677325,0.12222107213543615
4.0,0.1,0.7949052379006453,0.9147965495696689,0.11989131166902363
4.0,0.1,0.8755035185398513,0.981459415990438,0.1059558974505867
4.0,0.1,0.8194143330439505,0.9428260288869705,0.12341169584302003
4.0,0.1,0.8283576590814653,0.9736984927325626,0.14534083365109737
4.0,0.1,0.8609956522251404,0.962921772185403,0.10192611996026267
4.0,0.1,0.8539032094906064,0.9585835410977792,0.10468033160717274
4.0,0.1,0.8121981860013316,0.9289967413135879,0.11679855531225629
4.0,0.2,0.8490867711042901,0.965449202373576,0.1163624312692857
4.0,0.2,0.7124653357682985,0.8816511704014246,0.16918583463312625
4.0,0.2,0.7688759986186252,0.9270230262334783,0.1581470276148532
4.0,0.2,0.7250882739305521,0.9074852943860858,0.18239702045553374
4.0,0.2,0.6714726747817467,0.8596901040749677,0.1882174292932211
4.0,0.2,0.6843270297955931,0.8785468396652796,0.19421980986968637
4.0,0.2,0.7418982244063227,0.9006087297600284,0.15871050535370565
4.0,0.2,0.780953601635973,0.9365885403003129,0.15563493866433986
4.0,0.2,0.7026847316903703,0.887693276107618,0.18500854441724768
4.0,0.2,0.7974761307235991,0.9295788139289811,0.13210268320538193
4.0,0.3,0.621829004384573,0.8456623820285375,0.22383337764396452
4.0,0.3,0.7225985457687527,0.888618671899058,0.16602012613030534
4.0,0.3,0.692839382421782,0.918369411366843,0.2255300289450609
4.0,0.3,0.7401062561618365,0.8945369483198162,0.15443069215797978
4.0,0.3,0.6490346574392492,0.8800990850001744,0.2310644275609253
4.0,0.3,0.7529637952705954,0.9281414368579936,0.17517764158739835
4.0,0.3,0.6997829315816173,0.8952986285729727,0.19551569699135551
4.0,0.3,0.6712040226442505,0.8933989572845679,0.22219493464031728
4.0,0.3,0.6429811713434994,0.891669240325326,0.2486880689818266
4.0,0.3,0.5529546862980235,0.8051333255763292,0.2521786392783058
4.0,0.4,0.6597700470580312,0.9139240215016864,0.25415397444365506
4.0,0.4,0.594630947754036,0.8415047965405001,0.2468738487864641
4.0,0.4,0.632347520772485,0.8766030154911476,0.24425549471866262
4.0,0.4,0.6737344080185814,0.882426931513224,0.20869252349464257
4.0,0.4,0.615168937394142,0.8548362996503543,0.23966736225621194
4.0,0.4,0.6113149115851045,0.8736379590116847,0.2623230474265802
4.0,0.4,0.5836446438783511,0.8297272875520042,0.24608264367365307
4.0,0.4,0.6231453687545784,0.8806858175043243,0.2575404487497459
4.0,0.4,0.6917126359504091,0.9026715848260862,0.21095894887567718
4.0,0.4,0.5962599398123578,0.8668738954551656,0.27061395564280777
4.0,0.5,0.5653528978100916,0.8273090418242472,0.2619561440141556
4.0,0.5,0.5620714029514334,0.8580805730292217,0.29600917007778804
4.0,0.5,0.6279243055788633,0.8730671171277278,0.2451428115488646
4.0,0.5,0.5761817606214983,0.8455661878724817,0.2693844272509832
4.0,0.5,0.5519975005691241,0.8388089835749429,0.28681148300581893
4.0,0.5,0.46255994285441737,0.7833061379180013,0.32074619506358415
4.0,0.5,0.5556146495906444,0.8397130739751572,0.28409842438451266
4.0,0.5,0.5552254845620347,0.851746338625214,0.2965208540631796
4.0,0.5,0.5888150964010361,0.8471996527898744,0.2583845563888383
4.0,0.5,0.5638449866237752,0.8402649213574537,0.27641993473367854
4.0,0.6,0.5086832398590613,0.8210168712618398,0.31233363140277837
4.0,0.6,0.48905248633894616,0.8182571116916147,0.3292046253526686
4.0,0.6,0.4621718687682433,0.7735064027432961,0.31133453397505284
4.0,0.6,0.5388368258380398,0.822834120025852,0.2839972941878121
4.0,0.6,0.5314875356619871,0.8236686845749119,0.29218114891292457
4.0,0.6,0.4830001560656565,0.8188117414935043,0.33581158542784784
4.0,0.6,0.4872170141068176,0.7862974112733212,0.2990803971665039
4.0,0.6,0.5189542704252874,0.8321032826862802,0.3131490122609929
4.0,0.6,0.5605323578933742,0.8424351510704561,0.2819027931770819
4.0,0.6,0.4815188264375583,0.797744756044181,0.31622592960662266
4.0,0.7,0.39480297448170537,0.7615104564288948,0.36670748194718966
4.0,0.7,0.4509939764422877,0.7737528353582206,0.322758858915933
4.0,0.7,0.4130186069730092,0.7544025472041604,0.3413839402311513
4.0,0.7,0.5482979098833106,0.8485760848087167,0.3002781749254059
4.0,0.7,0.4507001977250135,0.7673086610411843,0.316608463316171
4.0,0.7,0.46831590114760074,0.7775295941017651,0.3092136929541644
4.0,0.7,0.48786257150212475,0.813527775354566,0.3256652038524412
4.0,0.7,0.469953532345672,0.8007760508945369,0.3308225185488649
4.0,0.7,0.41763705246207955,0.7600449020501503,0.3424078495880709
4.0,0.7,0.44827037964713234,0.8122790837035453,0.3640087040564127
4.0,0.8,0.48079774677264825,0.819516604940059,0.33871885816741076
4.0,0.8,0.46758520301710205,0.8139502176593503,0.3463650146422481
4.0,0.8,0.47067788959800994,0.790281394682977,0.3196035050849668
4.0,0.8,0.3994191717553419,0.7649331938439644,0.36551402208862244
4.0,0.8,0.3860986973422909,0.7519018494878893,0.3658031521455984
4.0,0.8,0.37460591768150864,0.7326163510552077,0.3580104333736991
4.0,0.8,0.4399158346118668,0.7800851131093915,0.34016927849752493
4.0,0.8,0.44390977758579325,0.7867608242865972,0.34285104670080385
4.0,0.8,0.43508078237117126,0.7859115518099615,0.35083076943879016
4.0,0.8,0.4572405577270578,0.7932250265426489,0.3359844688155914
4.0,0.9,0.3593465113038616,0.7216170647970785,0.362270553493217
4.0,0.9,0.4434374582889486,0.8335934410846753,0.39015598279572683
4.0,0.9,0.38734135363359423,0.7386800653125466,0.3513387116789526
4.0,0.9,0.42392733162570395,0.7895123157819551,0.36558498415625107
4.0,0.9,0.3069829106069984,0.688299765148003,0.38131685454100434
4.0,0.9,0.42451878719662406,0.8014476288062912,0.37692884160966683
4.0,0.9,0.3638660265040658,0.7499794405989982,0.38611341409493233
4.0,0.9,0.3976070027719531,0.7597491641315794,0.3621421613596262
4.0,0.9,0.4582995766844105,0.8093249233031473,0.3510253466187367
4.0,0.9,0.3821111103256984,0.7638780862172685,0.38176697589156994
4.0,1.0,0.32641932944277907,0.7428335635103125,0.41641423406753364
4.0,1.0,0.37905033127224236,0.7490180175091236,0.36996768623688103
4.0,1.0,0.29209985399325467,0.7088056410493163,0.4167057870560618
4.0,1.0,0.4019380030255653,0.7965686290671177,0.394630626041552
4.0,1.0,0.44651040971257816,0.7836302552476084,0.33711984553503027
4.0,1.0,0.3459727606985291,0.7539526493206941,0.4079798886221648
4.0,1.0,0.45629216048597093,0.8496895289980642,0.393397368512093
4.0,1.0,0.3233143183672436,0.7395200016349542,0.4162056832677108
4.0,1.0,0.35267930203891973,0.7327850315684654,0.38010572952954563
4.0,1.0,0.36875765014869466,0.7576815485668946,0.38892389841819985
