sample_id,delta_v,Value_High,Value_Low,LH_Ratio,theta_post,epsilon,p_high,p_low,learning_rate,extinction_rate,delta
0,0.6420858412654555,0.9787321460588645,0.3366463047934089,0.018231156841935152,0.9766997666981422,0.3801957350196178,0.9808115584409889,0.5,0.2595485292070988,0.11809123296664281,0.2417662932527851
1,0.03822940170197569,0.4794106186476762,0.4411812169457005,2.714389681731661,0.3185339287822264,0.9640792451783763,0.8159124510687734,0.5,0.4049354047112538,0.8636212965699608,0.8637576707745845
2,0.28879807593160695,0.6635115187925991,0.37471344286099206,0.6517145765432252,0.674881313349695,0.6598743479594311,0.9339394245789886,0.5,0.18603309233056928,0.8704149724889354,0.06013865780151506
3,0.3249482269567487,0.7570253968468276,0.4320771698900788,0.6352289894330259,0.6836889090860107,0.6712380191408013,0.9027544952777525,0.5,0.5888846368038196,0.438951626746782,0.5325950215229038
4,0.4127239709949214,0.9107159660829506,0.49799199508802927,95.7055,0.0031322874578293414,0.25126710549130427,0.9646226093555826,0.5,0.46790949701983353,0.9220432168103057,0.15347417112811557
5,0.8635453478649587,0.9831744133535292,0.11962906548857041,0.00289262177848334,0.9922592294876191,0.18233178284895335,0.9850282255706811,0.5,0.3341053575369255,0.8289891999288848,0.2810522629658764
6,0.34671314817519444,0.840932413140437,0.49421926496524254,0.3185569199643781,0.8690915111825115,0.9764165742940587,0.9604284143616417,0.5,0.2852542148853443,0.48266943701385,0.09218154684827984
7,0.09046442474417112,0.5328575540443221,0.44239312930015096,3.7104822779076643,0.22668310505425948,0.5365662367513122,0.9333079127927097,0.5,0.252750384828756,0.9473596032886419,0.7510338363593166
8,0.31024415365134245,0.711761137954337,0.40151698430299454,1.0532595526291995,0.472048459872236,0.4572758795949079,0.9365844508092473,0.5,0.24675077906810486,0.7333144993171773,0.8088307025622912
9,0.7167818169490869,0.87668524262569,0.15990342567660315,0.017383586043658732,0.8870869741717364,0.024833211267027866,0.8781373619229261,0.5,0.24017447581451687,0.45213172657406264,0.5312210890116851
10,0.4573744719338351,0.8003190808958847,0.34294460896204954,0.00025757575757575756,0.9886345634286613,0.0059781688730145,0.8003220713940706,0.5,0.2703724195281737,0.053001962545479286,0.32649449538067055
11,0.05106034846729206,0.5087569640698067,0.45769661560251473,5.80728258046563,0.19835820718308184,0.8292149093742202,0.9092804071577248,0.5,0.21008021864369172,0.6811760056464958,0.13441008942863109
12,0.6581006749044984,0.9465929577058635,0.28849228280136496,0.013779356529986311,0.9565136908680434,0.13652397740514988,0.9494255347435776,0.5,0.2523538636969177,0.2342060522066809,0.8930081662176329
13,0.32072563663432285,0.7409163691952432,0.4201907325609203,0.7504793021608296,0.37753650395330374,0.07634545162114037,0.7584517136093754,0.5,0.5369119803682448,0.3506094910196108,0.8235205516449388
14,0.5630056537855601,0.823694426809159,0.26068877302359883,0.009471225425996373,0.9471990743671518,0.06704070988991806,0.8244600226546558,0.5,0.2508787148100923,0.17484645112507746,0.495505195217647
15,0.29531663713652406,0.7534834248688853,0.45816678773236114,0.4491582927256698,0.7605704002660505,0.6872615770719864,0.812038694868917,0.5,0.2578278453898243,0.27721641720837376,0.9298652107952872
16,0.029433484626781702,0.45852308604199105,0.42908960141520935,3.2341479318814437,0.27959526911855404,0.9488350155396007,0.8005043378243994,0.5,0.2901515652128003,0.8081067272417845,0.1275536679476561
17,0.45036223768724143,0.7640585884895104,0.31369635080226893,0.07521325835460776,0.9513395513366475,0.7288273572721244,0.7938862494544101,0.5,0.14641651187097113,0.5564015705845731,0.1024941347304994
18,0.1688575196616555,0.6607105413085572,0.49185302164690176,25.197602494727494,0.043693241312568465,0.3926905066752112,0.9227635153206846,0.5,0.43451579926885087,0.5915547336476866,0.8790005515634676
19,0.2881963095612591,0.7849985456029361,0.49680223604167706,0.3615377191895174,0.5376576529462347,0.09782239766028444,0.7853239558721095,0.5,0.4990519521101091,0.006753772081126819,0.9458115437886523
20,0.19291519488422948,0.6859397643641577,0.49302456947992823,1.14132817075483,0.6554225855557607,0.9106845690724835,0.7881461649612318,0.5,0.3518827998075097,0.17380898198029437,0.06285029833331557
21,0.45841703237920284,0.8063872962981607,0.34797026391895786,0.1482111655718957,0.6645483335148142,0.03190525603462713,0.8095389000301286,0.5,0.40117890979632553,0.28295953168078536,0.8431300031796803
22,0.5310528700499374,0.9621404828818367,0.4310876128318992,0.1745278235739101,0.8947055744396657,0.7231912274435535,0.9816353538400953,0.5,0.12507373165349503,0.12388012218290323,0.12208044152906072
23,0.13436084606039006,0.6115206236450086,0.4771597775846185,1.6558613970214187,0.5311501483237562,0.9131380419328305,0.7956168175678973,0.5,0.5399524449627029,0.3229556341470833,0.191315705661408
24,0.262354103434857,0.6539408077583009,0.3915867043234439,0.7234073984077185,0.4968664343329384,0.31440532074782923,0.7575761646170452,0.5,0.3945101744367021,0.6340383820561487,0.9663444843354702
25,0.2141600283698839,0.7120506193986686,0.4978905910287848,89.4285,0.014879684354945466,0.7331599843419532,0.908215713849635,0.5,0.1604682768404708,0.8579403861447054,0.7024108748899226
26,0.12237503596512622,0.6175872852535229,0.49521224928839674,1.9058628506642747,0.5686140286219992,0.9810992114290196,0.7725881752920942,0.5,0.3443168508929457,0.28049914197264403,0.8853302668097649
27,0.5061051257824392,0.8792231949931137,0.37311806921067453,0.21137203915744673,0.807728176625732,0.43944916614681173,0.9104120303091868,0.5,0.10421836205483662,0.22165834748649982,0.2168927834900205
28,0.4816458567634738,0.9815795209878679,0.499933664224394,6.889358345136091,0.22026902777150836,0.741137213731608,0.9853885023594424,0.5,0.47363665421224466,0.0020710767360736515,0.8093563205857559
29,0.5888016206902533,0.7663268514313908,0.1775252307411373,0.058022966943924656,0.806808892199511,0.05453266664014589,0.7747340706949186,0.5,0.48145527626133156,0.7309312365146728,0.68247104416692
30,0.3176188438168287,0.7330397182963905,0.4154208744795618,0.3797836998212672,0.7625913088397134,0.5994125259668276,0.8088693432313849,0.5,0.5558379191542434,0.4140805996096143,0.7234640804720515
31,0.04675606321967159,0.5300678197902493,0.4833117565705778,5.160146697398935,0.2659508736226315,0.980369577480765,0.7945225006086278,0.5,0.34705790421863425,0.37052911735880145,0.6555742562392315
32,0.4647360875968848,0.964734431273633,0.4999983436767482,99.9915,4.612858772956585e-05,0.14301472521420855,0.9647439699822359,0.5,0.2660166531119693,0.024816198996279404,0.042202916656521317
33,0.15610837405835087,0.6479759087889412,0.49186753473059036,4.119806284007408,0.38958251293515056,0.9430113130768059,0.979653017412264,0.5,0.2861104796067082,0.26674974301420684,0.1418739544039841
34,0.4397082686287225,0.8291762319386271,0.3894679633099047,0.6484500818755107,0.5915185219817075,0.46307961444510737,0.958832581963529,0.5,0.10885726164915352,0.4378947085850906,0.1340384128921932
35,0.2485389520041827,0.7096826762694313,0.4611437242652485,2.083597114650942,0.33240096973759226,0.501302700176149,0.8858421777877634,0.5,0.5820978728201622,0.3749016269856693,0.7553478000631786
36,0.15555037658114995,0.6270618159370573,0.4715114393559074,1.704936875720825,0.5284797390305905,0.8646314617295584,0.8902122492083312,0.5,0.3499809444693661,0.5297378685908173,0.9856219600534821
37,0.3074598330066515,0.7870131791344093,0.4795533461277578,8.643564174688402,0.06128137476085671,0.04484689538155817,0.7985811978398032,0.5,0.1529055876245605,0.39443773431221696,0.20483087058181149
38,0.28487779017742887,0.7778574283183737,0.49297963814094475,2.277552436760468,0.4819653689488381,0.8454001447491943,0.9096170544220606,0.5,0.5152739282539773,0.12693949286635864,0.04426718163463439
39,0.35277092077900957,0.7770090932628942,0.42423817248388473,1.1801156815028253,0.4481971236177942,0.46655555555589956,0.9900668716640647,0.5,0.3220553763483126,0.5590083792901106,0.849988824903643
40,0.24110559340219076,0.740762695175742,0.49965710177355127,42.28587265512265,0.1253289326120659,0.9285013782441608,0.8949272591775352,0.5,0.3216968680311292,0.04989104670078359,0.2750260949420541
41,0.27396715039533914,0.7634246123723365,0.48945746197699735,1.3628221446294817,0.6199291860598937,0.9190121773612433,0.9801706168248948,0.5,0.36807316469124995,0.30592414838381254,0.3678516973255723
42,0.20287661728505008,0.6652913218251999,0.46241470454014977,1.6736503364695658,0.3510971544340512,0.4328077318550706,0.7508155224639648,0.5,0.2569794967191348,0.2636495988780184,0.5724130346219248
43,0.17972640404231405,0.6320141499831816,0.45228774594086757,1.493382800974302,0.49101865736349193,0.7196888602963812,0.8659466026958981,0.5,0.49416633567969026,0.541047256271901,0.9462853065779718
44,0.3301572126516775,0.7568835645463701,0.4267263518946926,0.47348171119930066,0.646386005144967,0.421404108168703,0.8065830675159971,0.5,0.2773760945198641,0.24564884197568038,0.46786229803337753
45,0.4572767492637902,0.9454499249307812,0.48817317566699103,0.06763864696766768,0.7764752689584563,0.03867473626763773,0.9455100654536419,0.5,0.3944230167941407,0.004409174881102262,0.8331491219577476
46,0.5945770042169014,0.9616821718489195,0.3671051676320181,0.18352260730221268,0.717539473189256,0.17843253251494096,0.9797233559772495,0.5,0.4061902925439357,0.21624120780035294,0.49856376817696246
47,0.44967484106914857,0.8062669046220483,0.3565920635528997,0.23154318518255992,0.6833087228064715,0.19772449239997125,0.8315073538147162,0.5,0.3775507720523782,0.2912231278736208,0.47287356212130993
48,0.1609771019252006,0.6512155151085617,0.49023841318336103,8.670805420843347,0.10414793256147525,0.43790767209667414,0.7552949214423834,0.5,0.5565350983556656,0.20684557846225482,0.36411991248750064
49,0.049442332010847065,0.48576607163166036,0.4363237396208133,4.876790610396158,0.1811150107805911,0.5851357017829399,0.89705002920327,0.5,0.4664490507566623,0.9436318202446927,0.19478391643174175
50,0.431945730593991,0.9316312312054696,0.4996855006114787,9.354047871418228,0.24107954168025025,0.8659535273238519,0.9675230724145315,0.5,0.28144337779317574,0.013603477793374896,0.2336108833310293
51,0.2498599646521138,0.679030052334103,0.42917008768198917,1.3499243435180797,0.3458255948969008,0.308516398445407,0.780307600696651,0.5,0.27890807477115287,0.4725279235218256,0.6947596892241766
52,0.2698808143184982,0.7077370540094876,0.4378562396909894,0.4100753252362013,0.8152840420040159,0.8894865435980451,0.8968986821901394,0.5,0.3770013982546081,0.795556878510708,0.24232922524642908
53,0.428863448359144,0.8876044567863112,0.4587410084271671,0.19311214351333186,0.7494723432260733,0.25905945846783873,0.8942234132776443,0.5,0.407131920714905,0.07058502224996377,0.8930235769918714
54,0.46677387563649136,0.814756807392175,0.3479829317556836,0.38068043192559364,0.5196075885224554,0.08411214575049175,0.8435360596885338,0.5,0.14649019020382462,0.6677876684877214,0.9963128409400628
55,0.1033293114251754,0.5757714391594877,0.4724421277343122,5.703999306451661,0.18919840503050023,0.6376294539143039,0.9809040854309173,0.5,0.2176783422238666,0.6599126011282496,0.8741106932749152
56,0.5291139532843913,0.9448438972583159,0.4157299439739245,0.21816638503551306,0.6795977753679366,0.17302028379502643,0.9557990416744286,0.5,0.5376186359296894,0.12192929887761572,0.3879329945306822
57,0.37231683639943897,0.8441671882129025,0.4718503518134637,0.40979038103640136,0.5254690932769265,0.12655460953726205,0.8487393498725655,0.5,0.4776142955567184,0.0629552036441069,0.7336903535076269
58,0.10847981103585988,0.5661675344229438,0.45768772338708386,1.7096356553508514,0.5340042893939971,0.97601756233806,0.9222273265862982,0.5,0.29788012061785074,0.7832288841707015,0.8043124327206201
59,0.3864814170427694,0.8846103257548222,0.4981289087120529,4.142965333117951,0.13202827256710492,0.19513468816110213,0.8882477298023063,0.5,0.2284909377458271,0.01978694715965046,0.30303269536752997
60,0.22971338837952646,0.715688990340551,0.4859756019610245,2.2658305238204584,0.3644016966275252,0.6089637720006883,0.7969468975299446,0.5,0.4107946698581467,0.13184208596272062,0.41578995843040567
61,0.36390262890489067,0.7323097402773536,0.368407111372463,0.6644331052211323,0.42942153361020063,0.12994523286587023,0.7867838730492079,0.5,0.4694895280731397,0.6401645431995976,0.7916100083108021
62,0.5772758447571735,0.9453245256058714,0.3680486808486979,0.16708543124569022,0.6546296282467827,0.049492477534709534,0.950462485368466,0.5,0.3073764453785396,0.22421747935676684,0.7244871907367486
63,0.20342478761632315,0.6311868327040809,0.4277620450877578,0.43201768463766504,0.8018428315374362,0.8589045669217408,0.8143193773272406,0.5,0.26259410490133506,0.8208841045928593,0.13036241789996783
64,0.3497310632573679,0.682472635691029,0.3327415724336611,0.31833467991884357,0.7819920905916081,0.5625811723559758,0.8015984218898942,0.5,0.1484361200260297,0.8754092246207484,0.7246927394558362
65,0.3753636355055041,0.7403576745291912,0.3649940390236871,0.35714924697950956,0.7572003887897886,0.5494408603748127,0.8461883940378334,0.5,0.12934681813414486,0.605742340298426,0.6776561516259686
66,0.021465899219930726,0.49135705182949874,0.469891152609568,9.16204168380639,0.10687729598910822,0.826181653461176,0.9217701837507002,0.5,0.577826427947792,0.8362043318606388,0.5021436367692447
67,0.4977127912184865,0.8387651546534803,0.34105236343499373,0.5351957774188714,0.41844841649764186,0.014076191632055313,0.8434091458240438,0.5,0.11427599789984369,0.61833246047731,0.5945679401890848
68,0.34423764041891786,0.692116613870226,0.34787897345130825,0.4537712574188354,0.7261163148982476,0.5972665981675549,0.8864257532617517,0.5,0.3129250102025609,0.8413294751489283,0.06974002472531282
69,0.36729002273786915,0.8548874517370825,0.4875974289992134,15.241349010466658,0.038009977368051895,0.025117418738278552,0.8664159970362413,0.5,0.4858286135959642,0.5600491085049433,0.8182671870761904
70,0.4399663156295393,0.7953416052517202,0.3553752896221808,0.10538589281915137,0.8152771726350869,0.1996873895717739,0.8041285619849697,0.5,0.5983004971435756,0.2001514767213901,0.6034786592753244
71,0.21421673784677867,0.6754763899014605,0.461259652054682,3.1070678272443937,0.2699870012073343,0.5457816357107362,0.9837807898366581,0.5,0.12524832556311463,0.5799732670424318,0.8336545257236992
72,0.2923603522004583,0.7216239501650198,0.4292635979645614,1.0192609590982895,0.5374584311599752,0.5745474706213802,0.9054279740877582,0.5,0.13428655293308542,0.48909486399522784,0.5955205191909322
73,-0.006516450948648453,0.4797566494407942,0.4862731003894426,21.60482178932179,0.056575389463239034,0.6672018335407873,0.9463886367116322,0.5,0.457640578527037,0.9031689191178401,0.8446531958299068
74,0.40630254729796167,0.6508962341373514,0.24459368683938965,0.3206754765164208,0.6974171421172258,0.3303928116892694,0.7643338739578672,0.5,0.41428690953236447,0.9500589159858897,0.1566336740985983
75,0.20478822634952926,0.6939429014632625,0.4891546751137333,4.221176437885413,0.22241562854477936,0.569405650770936,0.8208897254086034,0.5,0.4278395549616415,0.19412969241038647,0.8539427798769341
76,0.1381481608211274,0.6093631526214648,0.4712149918003374,8.145885573558074,0.10362592026263762,0.3428364413802436,0.8295701133560056,0.5,0.38017918896959735,0.5364848635012079,0.09092000598719596
77,0.30373348125222066,0.7201620300211612,0.4164285487689405,1.5229854632530924,0.3887122837114898,0.46072408363197004,0.9664550177989983,0.5,0.5121766313297782,0.617296928151139,0.5112323314637326
78,0.5973806226172828,0.8300468488600146,0.23266622624273187,0.05807276418112791,0.944797625886538,0.4959754106181353,0.8682978359403762,0.5,0.25165913709942034,0.8830424882392529,0.5228826787779112
79,0.4938557489001033,0.8301679054523052,0.33631215655220204,0.459371761396544,0.5507880349100587,0.2198420497202327,0.8869280772008388,0.5,0.22179924403527576,0.4277293920981975,0.09793144330012427
80,0.13343240830065908,0.6180444178521706,0.4846120095515115,7.142211295326621,0.22122703781934794,0.9114890080202577,0.9695433918291871,0.5,0.4605587809041223,0.32379037517235254,0.07638009188434303
81,0.4637069916575588,0.9201271945920727,0.45642020293451385,0.16874528524023436,0.729337562553298,0.17571673341786997,0.923778602598915,0.5,0.2895194358149189,0.05312297352000939,0.627868006406431
82,0.5128341944226167,0.8154944901162298,0.302660295693613,0.5935679582341683,0.41830989983852285,0.061726679525274664,0.849815183989068,0.5,0.20504851183178643,0.8615654342997184,0.47234335866453836
83,0.4480949700924165,0.7691102778786194,0.3210153077862029,0.3807112027018699,0.620246225575715,0.27384240710459373,0.8368873478227257,0.5,0.14447480562864132,0.5090033575949123,0.2518590985942397
84,0.5154907157443727,0.9499712531100831,0.43448053736571046,0.2199444413723935,0.7683008214506227,0.3481634925878886,0.9666389003570434,0.5,0.2079235569542863,0.11660090732329254,0.3226232965586784
85,0.16299202180973982,0.5968741955428373,0.43388217373309745,1.3829962345603888,0.5589963753243979,0.8491288741421081,0.9947995240708043,0.5,0.2640859572824503,0.9777385757653552,0.9000837863343493
86,0.3368376168768457,0.6893032576090239,0.3524656407321783,0.7809687516366932,0.5167752926994537,0.39107914481847506,0.8437139330369328,0.5,0.29585686826027857,0.6438596630855716,0.12055537971028507
87,0.45890357001703325,0.9588000118535461,0.49989644183651294,16.378326013855425,0.11309492135805044,0.7271065333659913,0.9679692548550942,0.5,0.525021106317193,0.004574179889227037,0.3767717451036442
88,0.20418255547929404,0.6975114018691049,0.49332884638981095,38.93963059163059,0.028134592113153722,0.38981191985476127,0.8278896027475845,0.5,0.1765237158717298,0.747267285292127,0.9954054432226817
89,0.21521711583513733,0.7139417410422377,0.4987246252071005,97.52566666666667,0.004477434381204626,0.6438091893198296,0.8325445976768233,0.5,0.3117503573740865,0.9694326636089894,0.19857704499420703
90,0.18994578689456387,0.6247792838420203,0.43483349694745643,0.9186596227119228,0.6039561401963014,0.7252011813747838,0.7826627827972306,0.5,0.5133653350220633,0.44230474358817107,0.09481180470934414
91,0.2719511982950308,0.7540069000857129,0.4820557017906822,7.149377603177847,0.12689168797181216,0.4750148887503838,0.9325104881709669,0.5,0.1521784146372165,0.3334123504120514,0.2857482327874137
92,0.3965895413419372,0.8673221266940339,0.47073258535209667,0.943625764615384,0.34630268944715503,0.11618729706898712,0.8750720697466519,0.5,0.4619466066257918,0.08566160959014746,0.19848117522982245
93,0.1977920025770185,0.6822922238349567,0.4845002212579382,22.23448437673438,0.04612832860307681,0.36432601352459726,0.9475308869699013,0.5,0.310435592656204,0.6809753419387429,0.14399760968598607
94,0.39337271263100293,0.8906074435450678,0.497234730914065,38.688362914862914,0.017806154370228033,0.018742570388991298,0.8933716094718329,0.5,0.4362187684326133,0.20853619424464764,0.5103279065211088
95,0.48313810813321656,0.8619258208557264,0.37878771272250994,0.14585118658906895,0.8929512919152063,0.5939010067545889,0.908309460597626,0.5,0.27206798390312015,0.4488620255849005,0.6445340194063457
96,0.16038036377265788,0.618838472801261,0.4584581090286032,1.426444386944093,0.46227029000654263,0.5900513332818648,0.7512023726766918,0.5,0.22822262813552294,0.3703266965938561,0.7884065270541968
97,0.06272714255092582,0.4967968181914285,0.4340696756405027,2.619485049720136,0.3281075188351529,0.8673530242762298,0.920089720682317,0.5,0.408516949203826,0.9753007681696778,0.9099850259309554
98,0.302876327533202,0.6701933022559542,0.3673169747227522,0.18798815632405502,0.8898186475326504,0.7592351094213869,0.7607736779070681,0.5,0.5041315607766614,0.9783974538943209,0.6589066706050198
99,0.17499869065345885,0.6411968898704801,0.46619819921702127,2.116019676097791,0.38881579414314604,0.6372264871334441,0.7975372952957245,0.5,0.285607403583488,0.28532833614694675,0.16579016237734812
100,0.33547794435475675,0.8253630096259176,0.4898850652711609,0.13359777145306356,0.9380837674902583,0.991714291930053,0.8902307529123608,0.5,0.5811833412699462,0.6798298588822705,0.04917930032422091
101,0.17666587296854994,0.6132699696153063,0.4366040966467565,2.221699949515894,0.28759564196358833,0.4033298670774149,0.8481674907488091,0.5,0.2963860122441945,0.7121528016666714,0.7923873890072658
102,0.45223270980306596,0.8554628520356268,0.4032301422325609,0.06314076858308679,0.8700923247585794,0.18312302066286246,0.8575623798709573,0.5,0.237805866115517,0.059720426974334107,0.6328894007851799
103,0.09697836961125708,0.590998549808938,0.49402018019768085,6.066561526206179,0.29307696789005355,0.9007230684545735,0.8223998732366558,0.5,0.32462924786810565,0.21022236377779824,0.6194502081707578
104,0.2772831766993918,0.7759893636407762,0.49870618694138447,2.135720660650463,0.5372695191789771,0.9257013782533897,0.8308448577100661,0.5,0.4987991375229278,0.05088225022782589,0.25991591997241503
105,0.40529798195062516,0.851998868006751,0.4467008860561258,0.45978881671637073,0.7426602366025287,0.6422911753106322,0.9178453336186116,0.5,0.12439519250229705,0.22769143258203306,0.47517040071440764
106,0.14142118283290822,0.5503995892248942,0.408978406391986,1.8257142390087793,0.4052801997056269,0.8498071223523165,0.9633627225194049,0.5,0.5944647885741595,0.8871244950540244,0.6412838943676137
107,0.3824374914777323,0.6951716667221277,0.31273417524439545,0.6516895885975468,0.47164475356724456,0.19114178063001674,0.7695212530612972,0.5,0.4344589476838141,0.6169526822976635,0.08486492574393689
108,0.760248330108144,0.885002143108605,0.12475381300046107,0.045737791109438763,0.8187401252230957,0.034995424684489795,0.8900970078214046,0.5,0.5995675781281461,0.6246320672213098,0.2979003118352006
109,0.35005722103096,0.7532385224480753,0.4031813014171153,0.1979556550251594,0.8741994381781306,0.6797119363365619,0.8139288540792531,0.5,0.5888851003600796,0.5365228359778941,0.6254657207885637
110,0.5903394695575411,0.9376952374815286,0.34735576792398737,0.5845642378777688,0.433611794430969,0.08972019610074755,0.9673197731035785,0.5,0.43185752606821115,0.455637304477693,0.26302322263726385
111,0.39483932799402155,0.8823515409823244,0.48751221298830283,0.6501992429231491,0.7367371751794831,0.8286257786607304,0.954577915898123,0.5,0.37882616688635007,0.16686811198780582,0.7495614009778855
112,0.04141502498181818,0.5320772478717439,0.49066222288992584,6.454899157925053,0.26743206845969547,0.8742526707946248,0.7518647845859664,0.5,0.15084620532719104,0.2582813356512623,0.5832280283989965
113,0.4395531509465821,0.7961604872928094,0.3566073363462274,0.25593724886452573,0.8372805091156226,0.6375773767220596,0.9226374960702919,0.5,0.2048248333658956,0.8148315666602548,0.6907129559750944
114,0.5972211861629066,0.776873602485518,0.17965241632261128,0.02056888064653893,0.9439844170543601,0.1586684510374402,0.7830652386807994,0.5,0.49704580127169273,0.507977371672943,0.6162090671587517
115,0.0789136273745766,0.5436926211592936,0.46477899378471693,5.612067205132255,0.1742569597632676,0.6054543252186775,0.8889363052273654,0.5,0.32081211666840226,0.6417111492572095,0.42460761392350943
116,0.2779432709094335,0.7518294631684374,0.4738861922590039,0.4722047628341876,0.5589492984378371,0.250827927114851,0.760754016186479,0.5,0.19740502102534538,0.07456810786722379,0.9133491251927273
117,0.03322976992111845,0.4983134058456121,0.4650836359244937,6.69461213171933,0.14077294512317773,0.878751236208176,0.9864587475107738,0.5,0.5953280038112617,0.8646563588584567,0.7063634275202876
118,0.35844623777485013,0.8177206545000031,0.4592744167251529,0.16943790318669297,0.8160642911601975,0.36917737416238405,0.8248872494884735,0.5,0.39716385620839956,0.07072451746742825,0.503586419927882
119,0.1177423401088166,0.6152483682343809,0.49750602812556427,3.529494909452275,0.4636318644048787,0.9802408794336729,0.889879283710518,0.5,0.12568805681893577,0.2857041901162567,0.6432599558982687
120,0.268141100970613,0.7581524624001684,0.4900113614295555,0.9318243763218927,0.6080992591938024,0.678350443107727,0.7889400865755165,0.5,0.48732257949612523,0.06792951890377619,0.2479446367479765
121,0.36149379565154965,0.7642627994926722,0.4027690038411225,0.4741338672381333,0.49441324716663015,0.12411205817762305,0.784089312697312,0.5,0.3539343032637827,0.3032829092043129,0.7068461969895469
122,0.46980507377417763,0.796333080538397,0.32652800676421945,0.7379230844896576,0.4182559287717621,0.13949501303032963,0.8781577328323745,0.5,0.5960915952011439,0.6329921349640666,0.15813424131302956
123,0.4656444079757683,0.8407651138815115,0.3751207059057432,0.5644874083297331,0.5762587577220065,0.36222082138708434,0.9373483624820372,0.5,0.38306209445266726,0.40882719453752603,0.1298384803117345
124,0.23941311462390025,0.7179244349266278,0.47851132030272747,2.7264317692494773,0.2769386949693089,0.5061934596438411,0.8219153576168641,0.5,0.2978145605574357,0.20260488920162212,0.38469769571230183
125,0.18430665123616014,0.6005430235458338,0.41623637230967364,0.6694125400157229,0.6821999950049392,0.7472481822834253,0.7570274445236237,0.5,0.5021869424269689,0.6092726405692658,0.3950683444940156
126,0.8231720821566931,0.932932036941934,0.109759954785241,0.041355333812301415,0.8803407859217295,0.11696056590932791,0.9478664404210595,0.5,0.5174644395083061,0.7469809318483712,0.11188863179689312
127,0.34068903068778045,0.8397826353950292,0.4990936047072486,77.1174761904762,0.024989982742711803,0.7430540224954547,0.9238881550911355,0.5,0.16370638315430522,0.19050678944288846,0.5202790404624407
128,0.361047977702293,0.8600263174516091,0.49897833974931605,1.0362392443996362,0.6939644879175239,0.9671086957221304,0.9052411933968744,0.5,0.5094041583576123,0.07194382394819265,0.7491574594487547
129,0.37827201982908704,0.8398343229834282,0.46156230315434116,0.16754449286203632,0.9169852329901925,0.8878696842523512,0.9155375624144746,0.5,0.3633669243817962,0.5934326508505094,0.3431018823628228
130,0.20158263499101606,0.6285985619202015,0.4270159269291855,0.6806845345396331,0.7027249862877067,0.764894942385031,0.8175730887124075,0.5,0.2605893024189666,0.7110346955597051,0.6325157589021009
131,0.19341452359506756,0.6844614710103692,0.49104694741530175,1.6153839997284503,0.5408416648010202,0.8106289662528028,0.7615307634417157,0.5,0.5944644427988605,0.1454216259334743,0.8998180888636115
132,0.4350850895457148,0.7936308727778334,0.3585457832321185,0.34297249213630215,0.7061202178518309,0.39806548225967486,0.8658536863976014,0.5,0.5068909151149305,0.40832364291043055,0.07409524008053758
133,0.7976908475966681,0.9406409461308755,0.14295009853420731,0.02108447350086541,0.8921742036179466,0.04651254497554702,0.9432551665640874,0.5,0.47585877388185616,0.28308738250434495,0.0064577476454704685
134,0.28999728552105075,0.6356516844816233,0.3456543989605726,0.7829576491481814,0.5276585290484919,0.40756297525695295,0.8428065100901782,0.5,0.3439565054895093,0.9491740711670712,0.622270763443297
135,0.47820477884930784,0.8819967664433301,0.40379198759402224,0.7455850692393717,0.4106907021321139,0.15499124812505627,0.9231115415876417,0.5,0.5590703122126873,0.33575271527478556,0.41172635904645694
136,0.3859812721911564,0.8776205919874089,0.49163931979625247,5.82698581411723,0.17473716897236224,0.5641440474786626,0.9995682364984935,0.5,0.16690605583749926,0.14049870925138175,0.3256172253708788
137,0.5467505693402651,0.846315629111378,0.2995650597711129,0.06998847967526081,0.9066920484677949,0.3310028136053018,0.8649071166426556,0.5,0.29083914804446476,0.42120304619604865,0.9450326824884717
138,0.3248231142008141,0.7248824837981528,0.4000593695973387,1.7326642870559286,0.2795233008835185,0.1880992682131124,0.9321933373111893,0.5,0.38913443082709254,0.9581017261196407,0.7608365624745493
139,0.5847796203215012,0.8686809809086207,0.2839013605871194,0.5921941240483036,0.45449361612329275,0.14234864438478212,0.9611304735450192,0.5,0.1433895083483954,0.9694822688278576,0.3872077390984091
140,-0.00788676674468359,0.47756348516496533,0.48545025190964886,44.19286904761905,0.03575449761616745,0.944596753424861,0.903438151905696,0.5,0.3290410413783884,0.9541155020326128,0.3001060907268841
141,0.369190013757318,0.7238074329448458,0.35461741918752776,0.9765711257082078,0.3559296141246143,0.15091028644855986,0.8084068617611737,0.5,0.27426429041976363,0.7856809358520861,0.4628003718962995
142,0.19150885034095003,0.6216461367565957,0.43013728641564564,1.2589578231013223,0.5069637500598747,0.6709075819873254,0.8608249009889182,0.5,0.5454424602584429,0.6358391644031275,0.8571207536605466
143,0.46229754437281595,0.9124000323413786,0.45010248796856256,0.6609803375746621,0.5958280096262559,0.4821594289805313,0.970807196407117,0.5,0.5697679834963658,0.17474885187923295,0.08127252542200569
144,0.26037899695980193,0.7481065374872038,0.48772754052740186,4.391980067349928,0.266584362557429,0.6869371592918178,0.9099072493310616,0.5,0.15296584587643772,0.1651308319013992,0.052291629913831406
145,0.47398948176241856,0.7913150029542857,0.31732552119186713,0.10111142901529897,0.9091489648030775,0.49680216437407476,0.8276177905778388,0.5,0.5862458090120456,0.5955874564732152,0.6121689433789214
146,0.5231850900416698,0.935548736967668,0.41236364692599825,0.1521162709908978,0.6839206196627886,0.07072349560578217,0.9393902604887484,0.5,0.4155007489764103,0.11764279795554866,0.7686771094596974
147,0.618511437740541,0.894240888893463,0.275729451152922,0.03341025107214082,0.9644272249124299,0.44921454880860623,0.9073560329397845,0.5,0.5158939225011512,0.5149674349244614,0.5713357682483613
148,0.19717192208046846,0.6454538815916357,0.4482819595111672,2.481906225374037,0.22804463772116224,0.25072949078087325,0.7823034470370006,0.5,0.42704356681652833,0.5409609156402514,0.6874628302525987
149,0.4935555122636314,0.8330977707520253,0.33954225848839387,0.2334002298775967,0.8580290272137355,0.6856974073448631,0.8775060655416062,0.5,0.10277937756354935,0.3001854523244051,0.9519946016796816
150,0.258360307359264,0.7447998952879213,0.48643958792865744,1.3230615902380398,0.5890671845072011,0.8226760527649366,0.8627594682293042,0.5,0.5293129494833857,0.18595591008187373,0.2466582523427021
151,0.18761090983365578,0.6617227519692326,0.4741118421355767,2.803097022309298,0.32752478780718064,0.6299231750576904,0.8367198454551744,0.5,0.16512676808831592,0.26557533503417674,0.1500613546334566
152,0.14999605054600462,0.5456268198638836,0.39563076931787905,1.5332565645123153,0.41840535729938244,0.5964553005050035,0.8613522107768654,0.5,0.5862074925060959,0.8337234603534607,0.4099054660299686
153,0.22764904504135647,0.7024640429844939,0.4748149979431374,2.4927571423174477,0.3552448450416643,0.6361028769421321,0.9058722975424021,0.5,0.24233912022654516,0.3288533438610963,0.8222427248339507
154,0.6175874418381477,0.9013077723185035,0.2837203304803556,0.22623567515053028,0.6848300337568712,0.19096363990235388,0.9435156102516215,0.5,0.47170562571006835,0.448124744009726,0.2083199186364476
155,0.23775754696069423,0.6774441852925127,0.4396866383318184,0.7726472199151827,0.6809030813712413,0.8296230277890991,0.8814809794696347,0.5,0.5903213941364318,0.6280300239336615,0.8121414559039363
156,0.3617236364997513,0.8496519131958369,0.48792827669608546,0.2982847404472201,0.8703147069005943,0.9332895712237655,0.8772299051768122,0.5,0.2551064442460388,0.13686716996614479,0.8696541093847476
157,0.2490652562580932,0.6756538280565187,0.4265885717984255,1.4216156150425308,0.3870733646190848,0.43281230173332574,0.830994688778663,0.5,0.10702878607300839,0.4991543074631011,0.49248997017513385
158,0.5362941862460339,0.9240781150444419,0.38778392879840806,0.035955574602126325,0.980898400364258,0.9053545113783318,0.9385858384890703,0.5,0.4764284865658426,0.42361095832823625,0.2810275216218958
159,0.24150354445969507,0.7326253493968269,0.49112180493713176,1.4622956381242462,0.5986034588457343,0.8927801416786658,0.8795043541527776,0.5,0.3593351950341337,0.2384740729807857,0.8021546285559662
160,0.48077625754282377,0.750394505926571,0.26961824838374715,0.05273109104451747,0.9511182526563039,0.5112065187518289,0.7513711603922144,0.5,0.10096004922954308,0.03145062120465969,0.6791704550881731
161,0.38302061672747423,0.8607256628911824,0.4777050461637081,1.4907128084160999,0.33413296297721806,0.337227443283845,0.9071669074726041,0.5,0.5984174789079445,0.14599302826442273,0.7712518362853933
162,0.5028410134966977,0.8407938269173029,0.3379528134206051,0.14597231261082155,0.9013696880012313,0.6569173095767565,0.9107210804496244,0.5,0.1619991493570774,0.6604729102213899,0.3910538965863565
163,0.4024886374329629,0.7288495158042486,0.3263608783712857,0.3615303275486622,0.7490667210810156,0.5347634518295673,0.8827307643257462,0.5,0.2018241914114142,0.8038233961965903,0.13051060742230602
164,0.3977176499434094,0.7017610153957311,0.30404336545232175,0.4180111167486055,0.5872789560292642,0.244658240689395,0.7961606320931899,0.5,0.36933906650561055,0.8706949094039993,0.7247096583368817
165,0.315425042635984,0.7289279270144079,0.4135028843784239,0.43860597793515765,0.7547134967600599,0.6541190188983581,0.8467752830077514,0.5,0.3093782481144004,0.5761063859948298,0.8586289589177577
166,0.4126004346211022,0.7179196919752494,0.3053192573541473,0.113193887176457,0.8776357082612425,0.3989098756555579,0.7523465267800861,0.5,0.3687356636592597,0.5010471029949476,0.09149772652306254
167,0.4808524921212249,0.9526418451258454,0.47178935300462044,0.21033212252530045,0.8663257199853711,0.6636256847544867,0.9767746279116527,0.5,0.4837406416838719,0.1323923250847563,0.355781936013848
168,0.1481794464250716,0.6390010615831173,0.4908216151580457,24.842124486624485,0.056997233545039605,0.5748994305466063,0.9061250088310335,0.5,0.2803252392558423,0.41801464862799265,0.21500300776849723
169,0.39856592135964003,0.7215402109351208,0.3229742895754808,0.2933859567619261,0.774944634730588,0.49708886074398184,0.8236214321849953,0.5,0.5531334079998776,0.693016458710771,0.3483478617547877
170,0.4467248442537139,0.7943578298428122,0.34763298558909833,0.4778715248897569,0.6099204751812495,0.3513513995376446,0.906299647931466,0.5,0.18572636725836325,0.5691485223569077,0.38198577595169303
171,-0.010549981355399146,0.4716531679235487,0.48220314927894786,11.729349684242484,0.09042811419220986,0.3599972763853133,0.9076754001203282,0.5,0.5560290691671881,0.8599610426655564,0.9780792358855291
172,0.03478128777780596,0.48036081994258273,0.4455795321647768,3.269147037859843,0.2899890786649688,0.9462275884479229,0.8662617438352619,0.5,0.2843684556806937,0.96783201786055,0.991901642071356
173,0.3586771803046913,0.7395721514330124,0.38089497112832105,0.04869620528140013,0.9700552140678173,0.7847187953865045,0.751040728408127,0.5,0.346797880881214,0.3488371453483756,0.2684677479858111
174,0.583911893688106,0.8002428123166796,0.2163309186285734,0.054971601645881954,0.9390815396702813,0.416476446762843,0.8306902254684282,0.5,0.2642844963209625,0.9088507111418899,0.6358160373490153
175,0.3984796232058968,0.7550412886385633,0.35656166543266643,0.9110844048954618,0.3376116928853503,0.06099110233314975,0.777829161116232,0.5,0.5047607226956489,0.46905911903831066,0.049584743306356316
176,0.37660108416678123,0.8314203633626546,0.45481927919587334,0.5794090716754106,0.5157878763156835,0.2572880969558332,0.8497130018679158,0.5,0.21530859685006684,0.11265136364660389,0.30799562962535176
177,0.24919298525217654,0.680198587506107,0.4310056022539304,1.1362358630802132,0.5439612375297962,0.6436074321766931,0.922561592859679,0.5,0.11107517342531628,0.6621735268162986,0.9402081068476301
178,0.30423385268185665,0.7153447466877696,0.411110894005913,0.39325021774873803,0.7008848615537105,0.4543855778606183,0.768736800528839,0.5,0.43431449058127247,0.286288160194464,0.28110282041890977
179,0.0591832219326192,0.49161298085965,0.4324297589270308,2.4607965210019853,0.3400064651343295,0.95914491377503,0.8019614400178694,0.5,0.47682281840631635,0.739664228327075,0.4711382972129724
180,0.1830153923394288,0.5585928962316368,0.37557750389220795,1.9543264954370134,0.30540802231123154,0.3656826986231456,0.8158974341364842,0.5,0.1776916563356243,0.9100593759156639,0.10053650510137857
181,0.6118121112146138,0.7968987884645727,0.18508667724995892,0.16253339194043226,0.7313489495151639,0.16730261291354587,0.8493033766151251,0.5,0.262538856601217,0.8812552479602535,0.24269385323332882
182,0.345222601250465,0.8311889962116252,0.48596639496116023,2.549047974381735,0.33955719353866065,0.6117617755395409,0.951900164222464,0.5,0.3261967252725305,0.1587798425813809,0.6296300596928509
183,0.3291561807662873,0.7296235182463289,0.4004673374800415,1.0854588036211195,0.3373951285578094,0.1358548059271515,0.7922826187429612,0.5,0.5960518889099792,0.5002062641905786,0.46522369849277223
184,0.21069261793892835,0.6786832845894886,0.46799066665056016,2.3636113512543284,0.28095226681067387,0.44341064725213675,0.77199518642454,0.5,0.17081902775933108,0.23727803891264332,0.21836860690845916
185,0.4705970561651907,0.8529848271827355,0.3823877710175448,0.645641281237398,0.527147027312913,0.33055402215350893,0.9808027072093628,0.5,0.2318276186592436,0.5880265107311651,0.8188971137278109
186,0.5074942923520247,0.8720986297763972,0.3646043374243725,0.05085115625183628,0.9708394397157927,0.8359094523055418,0.9067180463574931,0.5,0.4055238094645648,0.8473857545106134,0.21207696919792574
187,0.34095264496026617,0.6790939467330505,0.33814130177278423,0.2079868651074747,0.8651372636029185,0.6502311929615506,0.7739841562355423,0.5,0.23613743188508982,0.9628791473698347,0.6308431361688464
188,0.07650624909438145,0.5390380567848875,0.4625318076905061,4.39899605850432,0.22356008844101583,0.9291496106925233,0.8539155512758956,0.5,0.5856268704611091,0.5709281036884427,0.2926815905660596
189,0.15135553176216301,0.5624026921780343,0.4110471604158713,1.3466533469464275,0.48780940405677753,0.6851216314414014,0.8914552765693669,0.5,0.4119914044702777,0.9227793186068426,0.8390675822413798
190,0.038920306330132756,0.536968310304738,0.4980480039746052,89.88816666666666,0.01777510196371912,0.9164580133204485,0.8458934558650806,0.5,0.5064346711531439,0.5473505798083597,0.9645725508496856
191,0.12345554009677304,0.5948382015047919,0.47138266140801893,4.558415884669566,0.2092945149419303,0.5800593899387456,0.8650323324517339,0.5,0.22582906470631822,0.4906966841766729,0.6044589293641542
192,0.07254350208533675,0.4889828815762954,0.41643937949095855,1.410080387189136,0.5139543084960981,0.7965423151956256,0.7578512513409772,0.5,0.20513169243017956,0.9796350019287158,0.8171049993097792
193,0.5825225303212562,0.8314420428969196,0.2489195125756635,0.36686224157390507,0.5021785041636422,0.03572241753059102,0.8445154087381533,0.5,0.2695460256714689,0.6851084480258685,0.17874302428422573
194,0.27773449629585273,0.7737324081804217,0.49599791188456893,2.813387356156717,0.39122019304857025,0.7539146132895869,0.8296062446076272,0.5,0.294947990188387,0.05607844294522979,0.22075437492188466
195,0.319348829163422,0.7307678347778428,0.41141900561442074,0.31410294815310624,0.805249693815872,0.6363761277778289,0.8100043960696803,0.5,0.25779259232672014,0.4611309577307553,0.39819229993551775
196,0.04940917821880266,0.48583667471101144,0.4364274964922088,2.954700289767151,0.33561297358939746,0.796062328000994,0.8924093904206505,0.5,0.13656040588941395,0.9623412802928587,0.7065506189034111
197,0.2778926044411725,0.669904318934558,0.39201171449338557,0.5606435847541458,0.7118585550534513,0.6975048118800795,0.8573648927585266,0.5,0.41115258789383613,0.6991754878004076,0.17910659715439037
198,0.5582530903341875,0.8459257612155794,0.28767267088139187,0.3184952769237008,0.5248427736227558,0.025796482190603376,0.856468628825477,0.5,0.2846902113567368,0.7652939364881562,0.6538838737453381
199,0.39806237543087186,0.8342984313494949,0.43623605591862297,0.4663286281761964,0.6105462614768724,0.34489871294431396,0.8664275758099826,0.5,0.20503388528423863,0.1655335775617659,0.27307890176569904
200,0.4607297774484252,0.856347850838751,0.3956180733903259,0.2234826888527075,0.8872838256333516,0.8438394158375607,0.9822865358454342,0.5,0.15042512298333985,0.7795924819870511,0.46299565802407927
201,0.3486269070851424,0.8322404215191911,0.48361351443404876,0.6567149730731938,0.7407786810177305,0.8507783708331496,0.929006096864727,0.5,0.5472394640965148,0.22860518048963685,0.32540882948707817
202,0.6008428397991659,0.8740781966249944,0.2732353568258286,0.010276976164020835,0.930794376435454,0.038416340073551214,0.8749116440271902,0.5,0.3414482568578452,0.22732897178187783,0.9309986790441224
203,0.7484705145790063,0.9731814074506836,0.22471089287167728,0.049407307196707745,0.8465113853159391,0.08979765252842187,0.9853773632369868,0.5,0.3694080761621169,0.49907409727345864,0.85115905314844
204,0.38581119961835697,0.8281320407331547,0.44232084111479775,0.25243103840013903,0.8409512992889069,0.6494605819786655,0.8714124296912746,0.5,0.28363495122980553,0.27145088136368223,0.5642962297737851
205,0.3098612304535394,0.7182637214673387,0.4084024910137994,1.0950899797132065,0.43048752085710285,0.37784408065303754,0.8767767226625862,0.5,0.440410814842091,0.5573378323426416,0.5993017207636595
206,0.28636122114066753,0.664919705382169,0.37855848424150146,1.476827697450241,0.35995487210024135,0.32139160497572616,0.8844298523650264,0.5,0.5817587912312836,0.7238757971136239,0.1601178506544766
207,0.15596979155318716,0.5975170244624656,0.44154723290927844,1.836862971420458,0.37197422844333494,0.5287382875287657,0.7751524394262874,0.5,0.1879699096557619,0.48379658620150723,0.4912208181211465
208,0.5365367387785739,0.8753127531410312,0.3387760143624573,0.457655965142264,0.5057099835900465,0.1311940715059129,0.9321629554425238,0.5,0.19992633323490075,0.7090845594626523,0.8067799353109312
209,0.3651582477310085,0.7826715849745332,0.4175133372435247,0.30081376914822666,0.8644791907925791,0.8999076915025689,0.9271893121104392,0.5,0.1229843354738577,0.7357934104778809,0.4494749923560316
210,0.3747876298367451,0.8737007721565924,0.49891314231984724,4.686954306333806,0.16579947636814474,0.43164964662343597,0.883509176376657,0.5,0.18958902054885,0.017958048105906177,0.7313194942966095
211,0.6856089806061838,0.9131614424727672,0.22755246186658334,0.019276587737918172,0.9805879300663287,0.4835833573621199,0.923042956750314,0.5,0.2514904226310619,0.6309653618188926,0.6824529741489053
212,0.3919999425046162,0.7942172234920435,0.4022172809874272,0.22329681409693136,0.8642811013491617,0.6931356450679962,0.8549260945811311,0.5,0.10813914401130656,0.38604842257399163,0.011617961313686087
213,0.27135499030451726,0.7547483862845388,0.48339339598002146,10.202634635015828,0.08055753681573774,0.35070433571427095,0.893169183214467,0.5,0.46416011732353024,0.3300065606873849,0.09898477488560509
214,0.3976230516112976,0.8556338156746689,0.4580107640633713,1.41569586637567,0.351104995553291,0.3468027471886067,0.9188747206945223,0.5,0.27924902204119695,0.19700363143695243,0.14524298321621776
215,0.16406322845518384,0.6600880589410745,0.49602483048589063,79.73466666666667,0.009682375964800038,0.34107142548650415,0.7718121417156397,0.5,0.367587813383216,0.7697546060805486,0.06462673662911678
216,0.22665970966867902,0.6761902107040366,0.4495305010353576,1.0626635353180602,0.6214124150605544,0.829860871277066,0.94601676688255,0.5,0.38930411391825437,0.6605276202049837,0.8405212390542137
217,0.05815864502057244,0.5085833753966955,0.45042473037612296,2.023600103143917,0.45605325958809617,0.8702863276362254,0.7900998487994763,0.5,0.19294827567143338,0.7655942707630297,0.904198197208124
218,0.12447863548962604,0.5430639624575522,0.4185853269679261,1.8823341844406591,0.34029582545176407,0.44505165984988837,0.7889132419717662,0.5,0.28266679530933625,0.8504712683573583,0.7393134541720324
219,0.276951032139181,0.7674129345608726,0.4904619024216915,0.39424213610681774,0.5138520278990357,0.08840677031685273,0.7682872417267911,0.5,0.5029403528891963,0.021589308327318424,0.9461086946619274
220,0.4529884272327854,0.861548655605232,0.40856022837244665,0.8596683471177379,0.41843482961070044,0.24480353038908098,0.9366676197447621,0.5,0.5215237486076876,0.41243473646379936,0.62318324169767
221,0.24781573710654406,0.6775143323838093,0.4296985952772652,0.623692736579788,0.7430238827276517,0.8829511953382928,0.9293885248512628,0.5,0.3453440516518983,0.899868204689378,0.5731028141349407
222,0.04940267137200911,0.5365552861935787,0.4871526148215697,4.346811311884623,0.35251399108973047,0.9192403249020711,0.7899844684261517,0.5,0.15568973181054405,0.3767741454989675,0.9046273265231797
223,0.27092951300808044,0.7695774889221767,0.49864797591409626,9.7393125437514,0.06059654108561696,0.11324206974033024,0.774313130238454,0.5,0.5000108207796868,0.0455522847224048,0.9496775683020797
224,0.47143565249724395,0.8924441991156422,0.4210085466183984,0.25760216380006984,0.7887530407433613,0.477983016099518,0.9325861747556538,0.5,0.24235520731322366,0.23261649255613237,0.5427918341293961
225,0.39216463284096376,0.7430740656742358,0.35090943283327203,0.5747467437122854,0.5118129134722543,0.24806818619482673,0.8065217574686189,0.5,0.19241536440042858,0.4537072232609497,0.1530743479124942
226,0.4887311450113997,0.8766606214477649,0.3879294764363653,0.43787590719937536,0.5828568525424946,0.2579687275327526,0.9411591188140277,0.5,0.203476810706352,0.4269364669404383,0.8978544975737062
227,0.3160749784742603,0.6403261888623668,0.32425121038810645,0.9438955040716582,0.4053820288001474,0.12122643955250834,0.7679372138031797,0.5,0.5646067042656052,0.8416229082435184,0.25227749300634916
228,0.14593895930178924,0.5632922866543376,0.4173533273525484,1.3750657220110103,0.5063807349100095,0.8421695327585511,0.859485314667013,0.5,0.534506605982026,0.7633428469276028,0.5691140128819253
229,0.5640446070527573,0.8864996380030407,0.32245503095028333,0.1825650528324437,0.7831404832390438,0.3147678341931296,0.9300519058973278,0.5,0.5347510800759171,0.4222084531683533,0.5494474766016096
230,0.15064782433909443,0.6186219864544171,0.46797416211532256,5.702913792268938,0.14107865327567604,0.3948384496204229,0.8552215534868115,0.5,0.3392267325678753,0.5393611441097953,0.3090345947565153
231,0.09662851454586234,0.5407373074692866,0.4441087929234242,2.631758281680786,0.3047718766407912,0.5826118653389437,0.8125689376992544,0.5,0.2274621912149357,0.6735646102853492,0.6180007067647741
232,0.38583537161646586,0.7750941392983219,0.3892587676818561,0.03765910116234049,0.972734862282526,0.6694892238280516,0.7831600790888826,0.5,0.5523775798726707,0.309049768555004,0.27439998237130037
233,0.06259728287623516,0.5573690243116002,0.494771741435365,22.579226190476188,0.10857110447273766,0.9607130144545402,0.8827903423618604,0.5,0.40451920256275486,0.24557199941243113,0.2159287407149001
234,0.34765654013739683,0.6900408477248365,0.34238430758743976,1.3371672364832727,0.3342782317733384,0.2397613295028619,0.8665474472608171,0.5,0.24746393348578258,0.8800066268861714,0.13463457548320057
235,0.0845529339435636,0.5525158130846451,0.46796287914108153,2.8753312708074636,0.41829616060934094,0.9640146859759422,0.9839772611824088,0.5,0.23142182251718293,0.7028747924731529,0.8322144968828401
236,0.3929120037858523,0.8031297203841893,0.41021771659833706,0.4189956776603415,0.6455331928381837,0.36479201194708033,0.8514302012767514,0.5,0.28562126995457227,0.25225921563248654,0.30240574378038365
237,0.3959483536681877,0.7086835759571064,0.3127352222889187,0.22949600846146367,0.7147913974515133,0.2518401236176663,0.7598555086223404,0.5,0.4545415254418502,0.6397224802803746,0.9510229029654198
238,0.23351058653912346,0.6417666884893646,0.40825610195024115,1.4243595701911858,0.3421093227632527,0.3196747154335017,0.7562174026662422,0.5,0.1916313808181346,0.5116415319511811,0.27624998929626843
239,0.34986927505661003,0.765282601948488,0.41541332689187793,0.8625729266690451,0.5528467950468976,0.5258627470564827,0.9690685394759923,0.5,0.45812712537479006,0.5969833222742191,0.9669810097106909
240,0.4990494877419548,0.8584829313954355,0.3594334436534808,0.9155352791354652,0.4095340188219083,0.24902790895642846,0.9758252479950702,0.5,0.3758208382185445,0.5709916587726267,0.11509708281146713
241,0.3787366102686377,0.8244032721811569,0.44566666191251925,0.628227199119449,0.6873865766251347,0.6610035555200466,0.9055692849309462,0.5,0.10745957235023237,0.24725211688560278,0.821495211021888
242,0.2889810811666251,0.7707030636099457,0.4817219824433205,0.7854370587916184,0.6199403906366007,0.6194471978590467,0.8088212311950365,0.5,0.189871262270657,0.10713455990738763,0.6390571595041595
243,0.3718856397773149,0.8708430303774829,0.49895739060016797,98.91833333333334,0.0010690252869821615,0.0009021540769893477,0.8708430303774829,0.5,0.47640043054056025,0.9672676854344492,0.5738231250662262
244,0.15223170262313124,0.5401195798096164,0.3878878771864852,1.0190620268136106,0.572912659265324,0.8099048947858284,0.8294844341877554,0.5,0.4728026814320465,0.9077839449306033,0.4359099900676747
245,0.607568258208514,0.8237545261403547,0.21618626793184062,0.04152472400938301,0.9195597961029289,0.22627118387744216,0.8390262068130416,0.5,0.5679770319649143,0.6276882415049234,0.947528723405404
246,0.36085354775679523,0.7999023028555925,0.43904875509879726,1.1905427464053602,0.3608191245002903,0.2819329107193421,0.8798694999200143,0.5,0.15503839074007733,0.37150423120580445,0.7456545194977292
247,0.4823999406237712,0.7068439550125646,0.22444401438879344,0.3543371209283209,0.615935056680798,0.21603842588331756,0.8073141271006516,0.5,0.3808478662671496,0.9699016822808236,0.12250565847730022
248,0.5689660935957362,0.8794102584457677,0.3104441648500315,0.17147751228995692,0.7733486348946673,0.26789527333547314,0.913216711428158,0.5,0.4398003065979238,0.3678026343888191,0.2350631543842533
249,0.1794934967665159,0.6074474934619666,0.42795399669545064,0.9754568513883608,0.6441532813642513,0.9583656592229839,0.9413506927178912,0.5,0.44899437543728427,0.9786853515299924,0.9141622313305365
250,0.03280673171637005,0.5298720034546536,0.4970652717382835,81.6485,0.0170821239091411,0.80111982944291,0.7586965385476722,0.5,0.47928845387730756,0.5487750175924717,0.5074092047160712
251,0.23364681834542128,0.6997059164999098,0.4660590981544884,5.42045215032104,0.11985636359571816,0.28151917132988613,0.7986247667021518,0.5,0.14596503819177495,0.41737250742715926,0.047177639264929794
252,0.17533548666943405,0.6753117950524523,0.49997630838301826,99.8265,0.021124709102216865,0.9911932480716267,0.8167403417777286,0.5,0.31292395526789496,0.1972058234593077,0.9455691712159864
253,0.3086476762741003,0.806476728738916,0.49782905246481557,3.1239156612008783,0.3324588781710631,0.6820006820669376,0.8329469641430297,0.5,0.12955159665254343,0.030250463817135365,0.6419539958201377
254,0.0340615332098506,0.4763339725347544,0.44227243932490373,2.2502743267365766,0.4400410598779403,0.9906913169088939,0.8001286412056501,0.5,0.14368304460238865,0.7431513465660765,0.3805323211329463
255,0.4941558099332384,0.74825276660483,0.2540969566715917,0.20721464036592133,0.7203336967880926,0.22698758791970675,0.8102232461766361,0.5,0.1763388735412961,0.8573212590592987,0.6630345851652996
256,0.10731335941169291,0.5252959941888549,0.4179826347771619,1.5460133931696955,0.5024629824432623,0.9758969310923279,0.9103907647117699,0.5,0.4086032599371151,0.9523662040796926,0.654900851281067
257,0.323323109110745,0.6962369151354354,0.3729138060246903,0.8949764038878316,0.3944493548722089,0.1632697051635298,0.7973925823913465,0.5,0.4797033904116491,0.8168986368489731,0.8564946038542401
258,0.31631362254749595,0.8041699571953618,0.4878563346478659,15.731498903057727,0.041090295059042936,0.12031258187578275,0.8406126319784947,0.5,0.30183323518191674,0.38331273145571076,0.2667108285768661
259,0.5797650439272065,0.8618077069760327,0.28204266304882625,0.2086018467007639,0.7045065713930108,0.20153870723350176,0.9237138866240081,0.5,0.3975758780128106,0.7250107175899179,0.8315821101120946
260,0.5245491999626356,0.7913985845422082,0.26684938457957263,0.07997298150326793,0.9567537320899985,0.8713606909258342,0.8128418432494534,0.5,0.11438958890976111,0.4248898563911847,0.876330755834234
261,0.18008817090240958,0.5544353134952018,0.3743471425927923,1.146834052328673,0.49336624287686437,0.5958590127464115,0.8333820827649812,0.5,0.5238735067454936,0.8553347653279162,0.19868716071941417
262,0.5702436350757665,0.8684278873371545,0.298184252261388,0.38185396652663905,0.6184014026948594,0.27088449383626534,0.9928631652115544,0.5,0.3746843612325288,0.8390149163008754,0.7068831827602009
263,0.30831286015907444,0.7821949707802088,0.47388211062113433,1.7709065048009005,0.4254789846894059,0.6203210486678712,0.9043854583879739,0.5,0.25274450845185326,0.19380221946014065,0.05532321019843356
264,0.08641882295757644,0.5545318211230275,0.46811299816545093,8.378345479984413,0.13734841917230844,0.821178912561839,0.988136782258104,0.5,0.4058055657944659,0.6794537718694593,0.11036428831128697
265,0.2932713611302429,0.7467105637691248,0.45343920263888193,0.7606904039154317,0.4068539803937955,0.15754374852514097,0.7594918118153263,0.5,0.20606379610512623,0.1298189521391674,0.2878653034094153
266,0.1740864656931435,0.6308890722534259,0.4568026065602825,2.221174553950781,0.3711931164097775,0.6555242597208237,0.893119103826134,0.5,0.43206970808433365,0.5088719563900401,0.7755855928255582
267,0.3690400179183921,0.8643017736079308,0.4952617556895387,0.9374077029741514,0.5839945055921553,0.63046763073676,0.8772529133003409,0.5,0.24231905532041007,0.026877427042634183,0.24913959523654494
268,0.3482922030260917,0.7601222307796641,0.41183002775357236,0.23662081366803064,0.6357348152470084,0.12125080076474093,0.7658971090128397,0.5,0.2172429792524543,0.10898720761740732,0.15050797749275746
269,0.37520626707617766,0.8671838356713755,0.4919775685951978,30.04606854256854,0.03284221189040004,0.34309493626887766,0.9889303774659821,0.5,0.1808327455104117,0.49485078627804535,0.32003613874981385
270,0.46756578252349906,0.7456928024822707,0.27812701995877165,0.2521913029438443,0.7809671435400096,0.43592700120303896,0.8632134138295202,0.5,0.5623164695900102,0.8319749989014209,0.1587900737990926
271,0.6466906293097896,0.9406869836860198,0.2939963543762301,0.05143821820737028,0.8118419055076955,0.04215198381419416,0.9447990289834682,0.5,0.4542469444478866,0.30091996992317016,0.9851362695390083
272,0.11809597857830414,0.5010886010577231,0.38299262247941895,1.1397293962121875,0.5489208458910009,0.883596358396057,0.8226894756011601,0.5,0.37487475188630215,0.9549128993949262,0.03689798249647136
273,0.2817828220509885,0.7522814869403204,0.47049866488933195,0.39071813165755853,0.827586287733529,0.9022985085114136,0.866282234398414,0.5,0.5444892944956218,0.46988193813388623,0.22924002622697626
274,0.25816765402984915,0.7507290485272574,0.4925613944974082,3.1712991843930185,0.14927901478229366,0.11631503439157265,0.7575667476006578,0.5,0.2223687760009874,0.07774579005310656,0.6420918222553613
275,0.27082928827272623,0.6771534828569798,0.4063241945842536,0.7131456733962172,0.644791839165074,0.6303707684120768,0.8625024970016455,0.5,0.32822679186304415,0.680432882297317,0.8008238584385978
276,0.5804632399821423,0.8878093580438305,0.30734611806168816,0.03421169827654552,0.9754690228371672,0.6695969635228632,0.8885349958386154,0.5,0.13254441921213309,0.025274018821914823,0.6052141197399542
277,0.2571415524361509,0.6671107657078283,0.40996921327167746,0.5898598504616679,0.7423584010849554,0.8170144716482697,0.9596447194105944,0.5,0.21344376437878568,0.9719018990947975,0.15120479677749454
278,0.584215118404496,0.8078068736382772,0.2235917552337811,0.026911510400943233,0.9761000749788744,0.5377612653337963,0.823230374169155,0.5,0.3778152569987079,0.8343526989904108,0.3888489935978001
279,0.5683954489333096,0.8537449368051389,0.2853494878718292,0.26134212474074925,0.7873771480455933,0.4778883991773828,0.9936447840253446,0.5,0.4584062656391956,0.8844089511784744,0.33122120757667295
280,0.5633846061589093,0.8587057614427753,0.29532115528386593,0.22724767813191643,0.6382318786599218,0.11435033749164092,0.9017798669475368,0.5,0.42716639407390955,0.7329566188257887,0.9492975269285092
281,0.14793061973938515,0.5757321945633018,0.4278015748239167,1.0032099727722485,0.586844989956727,0.7135990309336628,0.7669452088817078,0.5,0.313383620653951,0.589839414608756,0.42087380419878284
282,0.21342309785426114,0.6020148687605673,0.3885917709063061,1.1128907832781425,0.42025360982828364,0.32096736803977577,0.7667229085420021,0.5,0.5143605417137519,0.7596202758947744,0.7880833670484014
283,0.3743399664464151,0.8074202270396059,0.4330802605931908,0.30945167047434496,0.7602493771002969,0.4807558390842792,0.8419177339955283,0.5,0.4745498743123182,0.19475216202436596,0.11922322803863328
284,0.5946233174994398,0.8661244074843696,0.27150108998492983,0.034883108252173584,0.9702780627282934,0.5600537286132962,0.8809540078459203,0.5,0.2310608036493562,0.5861583000781747,0.9969330031408211
285,0.3788495715800554,0.7215236454116568,0.3426740738316015,0.35293300326263755,0.7486574254747771,0.5161212607616432,0.8440232879470644,0.5,0.33079089509085824,0.7801140724926804,0.7346033163461584
286,0.49103854358844473,0.8553499356831311,0.36431139209468644,0.7351164290804238,0.4084100239529155,0.14395737694774868,0.9511413038543354,0.5,0.24340263608775983,0.9036297010317088,0.9988947363969694
287,0.4548017151392917,0.880764415873584,0.4259627007342924,0.06361790790840426,0.9655340019299824,0.8733780852176001,0.8955230910131992,0.5,0.4898611192253106,0.3037252063921817,0.9457397720132369
288,0.3563321791053217,0.8197089610335582,0.46337678192823645,0.25628106616229,0.8146427122293634,0.5588513444340268,0.8394873757153427,0.5,0.4281837608559149,0.13165996058843632,0.8073228577475811
289,0.43941830376426977,0.928426252155622,0.4890079483913522,1.4902233690378344,0.2964174052560621,0.2304158481445614,0.9412635531298419,0.5,0.2776347630581256,0.05796067429093599,0.5459351903147965
290,0.40722593359175346,0.9035403300813201,0.49631439648956654,6.794046977676084,0.1562201529739945,0.5668206222366353,0.974714306978621,0.5,0.2255295747922508,0.07550109362620261,0.5203803480872699
291,0.3611698469764323,0.8116759949664967,0.4505061479900644,0.6996140459042528,0.4980417105910814,0.31337377373333897,0.8464213553263755,0.5,0.1750066023261765,0.16787519411024232,0.4674788639362327
292,0.37982172820076987,0.874790134848535,0.49496840664776515,2.6648765348650896,0.2828118918427428,0.505937562909657,0.9156192820376561,0.5,0.4468092657596868,0.06342298969745852,0.9255913277697803
293,0.7262443353392051,0.8876731558699789,0.16142882053077376,0.02374719781179133,0.976413182491359,0.49139781683778194,0.9048849196663478,0.5,0.1464119849239555,0.8768413538151558,0.13796097778239802
294,0.2317927768346903,0.630447650781101,0.39865487394641075,1.1514458848052391,0.4097240612668177,0.3486743452940756,0.8016918397295929,0.5,0.35935493073608127,0.7574295262915185,0.7890187447495591
295,0.3410244134215589,0.8069854741474722,0.46596106072591337,0.4814257527970448,0.7903233382148012,0.8412168537523076,0.9407177233039379,0.5,0.29397357457157647,0.4562366962593102,0.6251534813836261
296,0.14526330693099948,0.5497711329669501,0.40450782603595065,2.4252183710342967,0.3316069806121519,0.600813224538331,0.9451684438100264,0.5,0.1288613575134833,0.8951744012515257,0.09027504770238004
297,0.43502336095971483,0.9277983110228156,0.49277495006310074,1.426670953217977,0.34644748020321303,0.3433818218452601,0.9376191469382174,0.5,0.17079503714527647,0.028291280329341917,0.007792331358027149
298,0.14297155132152095,0.6333531247754293,0.49038157345390826,1.470458352704019,0.6081591938038539,0.9887169586531827,0.790493002454677,0.5,0.5194222260081356,0.3117437738273201,0.6981583103262045
299,0.3365657707169607,0.7069428037256812,0.3703770330087205,0.5679116260179383,0.6521669601578551,0.5231576494841041,0.8543349358392562,0.5,0.10233961417760354,0.5731252010730974,0.026079886252526552
300,0.32358417573399484,0.7201604778294185,0.3965763020954237,0.9621975387325836,0.3898125302787171,0.23708737007361358,0.7976287483733367,0.5,0.1384690916620945,0.5082862852133196,0.5112457322580636
301,0.5806303394376413,0.9216531972280497,0.34102285779040853,0.6307619783289804,0.43186255984196353,0.11208492663132719,0.9967244002482366,0.5,0.5390799777105364,0.7003476370251887,0.5380500686255782
302,0.5012320649502855,0.8334622408004568,0.33223017585017145,0.24832761736076475,0.6913876205606974,0.2395494321910029,0.8824205891073351,0.5,0.5980080148420635,0.4617677026887238,0.7313543501506129
303,0.28270128755191887,0.7561626536389434,0.4734613660870246,2.6423520134886833,0.1942051599104303,0.21500292839386015,0.813682820096834,0.5,0.5990029900919192,0.28855521184183786,0.7649536104710721
304,0.3001780644216995,0.7077013445925286,0.40752328017082917,0.7922619575695262,0.6598174473143419,0.7162932760499294,0.9741725950364023,0.5,0.10212287415138246,0.8206889752711364,0.8288787359479312
305,0.15489097263293222,0.6395677439232131,0.48467677129028097,0.5319006673638333,0.8038462971829005,0.999827294286027,0.798075943178426,0.5,0.27720962228681345,0.7521970170052569,0.872207456815252
306,0.14743750162854258,0.6309526883935206,0.48351518676497796,1.1952786501432653,0.6327367858917166,0.9581363153567951,0.7804687916638495,0.5,0.516964538149098,0.32911211368106585,0.36111277807647413
307,0.07141188092590987,0.5592785537400546,0.48786667281414475,16.228223026973026,0.08510278022237272,0.7604675676660242,0.9895901015329828,0.5,0.44691139328567275,0.5475112178967936,0.7088841430476824
308,0.20018428196407498,0.6260043790376476,0.4258200970735726,1.934969380759528,0.30246462877203983,0.3505338301023657,0.8350705249425683,0.5,0.3796572914486225,0.7181765771701469,0.7551084807937493
309,0.44930563093489184,0.8097641059356867,0.36045847500079486,0.9267241294508937,0.3711616479357155,0.1418854341333361,0.9123853212966846,0.5,0.47195480751976926,0.7871433551572851,0.6010319414550227
310,0.3998676542522829,0.7373715340920979,0.337503879839815,0.6192380512244784,0.4018759026205483,0.04255094704328155,0.755925751322205,0.5,0.23210831175152988,0.7231192286863785,0.5942490324915937
311,0.2072153840007403,0.6416832206671785,0.43446783666643823,1.3262640917064146,0.4018802882820408,0.41643656673654916,0.7746242258085867,0.5,0.4802495122277365,0.4582014448764462,0.719690947229477
312,0.2547154051196627,0.6505560004942871,0.3958405953746244,0.6490805840031817,0.579575758624555,0.4338114354738576,0.7524900995181418,0.5,0.26918762085729486,0.5450092699833633,0.8081098355658372
313,0.3287042154900723,0.8023842168881135,0.47368000139804123,0.36342916463619107,0.7665680297932679,0.5873239168514675,0.8253125504861967,0.5,0.5886601641412318,0.10292480750140254,0.28399317066906626
314,0.4276451818647883,0.9027704991618183,0.47512531729703006,0.9718049708448335,0.44956612710132027,0.3745013790232181,0.9349885496157722,0.5,0.5262529231900787,0.10020967130873504,0.46750894691350364
315,0.1781621080963854,0.6351713463076314,0.45700923821124595,5.482117075788886,0.1545598088386414,0.451964245801182,0.9215175024606634,0.5,0.36836584695659735,0.5916376502438351,0.1102599380923206
316,0.48778129367354295,0.866991400007015,0.3792101063334722,0.1875083673209264,0.7964403095665664,0.3548852025871114,0.8976552777237292,0.5,0.5077512283842311,0.27082224044398495,0.5757271769354083
317,0.20818810482181513,0.6151548507449844,0.40696674592316934,1.0944857018634087,0.47864563626469314,0.4835063089805517,0.7657100383407285,0.5,0.5390124293413946,0.4753508770249135,0.06205194559898386
318,0.4697221966890376,0.9330610051696109,0.46333880848057324,1.5868818109662286,0.26478169281713326,0.16827020022520578,0.9575627966074217,0.5,0.31448874826701667,0.15483052110156714,0.06377239605013252
319,0.11033185600151722,0.5414030494446006,0.4310711934430834,1.4458225139567644,0.4912583699555594,0.7825104021178438,0.7548998820920552,0.5,0.40451725923980975,0.5560363479138177,0.2482488801784022
320,0.6470227904219614,0.8954210724824735,0.24839828206051204,0.017649918256582003,0.9875435574477771,0.7036025986874075,0.908134192610512,0.5,0.40149879254444,0.8180564090286543,0.04352213689488027
321,0.13775760208650706,0.5886979955181129,0.45094039343160575,2.7384154624725374,0.2938629305884727,0.5670712327532844,0.863005800733324,0.5,0.29266442442965435,0.6196223136335984,0.7387679445818434
322,0.2013750795927706,0.610571582218981,0.40919650262621043,1.2320519681997646,0.4458260998699426,0.4778785690235321,0.7553592519533705,0.5,0.41065474568614646,0.47022314900265316,0.07263411405374565
323,0.24562200952072355,0.7402568228743153,0.4946348133535917,4.173164236209288,0.34427647349068835,0.8204555184373381,0.902731687281591,0.5,0.2714485967834165,0.1375447815102101,0.7453217551545949
324,0.3952478022288014,0.8682306212650881,0.47298281903628664,1.2463517815360743,0.5311377909167719,0.6636720118630599,0.9906929557453614,0.5,0.40861780030177053,0.19719677261896063,0.25877551987047664
325,0.17079036311279228,0.6670606144698485,0.4962702513570562,5.166986705262029,0.3509609481159174,0.9235613538806657,0.8656643960187874,0.5,0.38910047351402277,0.13410001116492187,0.02811316695080246
326,0.2089479884277187,0.7031505426980531,0.4942025542703344,3.49174272086605,0.40437970512417276,0.8569935849266702,0.8818452715809924,0.5,0.15468010440843324,0.17963250887268956,0.8945685751710621
327,0.5703791318369325,0.9894421792185829,0.41906304738165046,0.12299835116992719,0.8932129961617521,0.5065683039943542,0.9997415050969203,0.5,0.20716630387184673,0.09639120477961705,0.8624260733728939
328,-0.049564262730363164,0.39942304798860345,0.44898731071896664,6.408466768542401,0.1455979063692936,0.4851275211014261,0.7583001905610218,0.5,0.2886435508474713,0.987738831740499,0.3222533380789454
329,0.13139533405078718,0.5545436320979507,0.42314829804716353,2.0652329179055724,0.29361534171440984,0.2649320577285964,0.7530665429027964,0.5,0.594070927220727,0.6672920358520554,0.5488851847505702
330,0.28410507863262496,0.7112585411759191,0.42715346254329417,1.2762386450971728,0.4096689718884493,0.42480404197804833,0.8279859277822862,0.5,0.35160890951657786,0.34817744101446857,0.054638667669598906
331,0.4908167723084012,0.9890366234841373,0.49821985117573603,1.0921370276672724,0.5496477864374042,0.632075559139308,0.99674952210419,0.5,0.26133279482136773,0.012205930880086147,0.6520955320047589
332,0.2908450458903239,0.7602947775703244,0.4694497316800005,0.16397154137203213,0.9138913699740695,0.839148413130459,0.7897732621491399,0.5,0.47263924325437956,0.30938093794624133,0.671293413475422
333,0.4710115360339396,0.8325238250202384,0.3615122889862989,0.27715440750408976,0.7942464016479099,0.5290508446312214,0.8943653699676182,0.5,0.10567085148888092,0.36872557485764,0.6996270638350387
334,0.30442296478766795,0.7073788129339,0.40295584814623203,0.23732153028005767,0.8693508633419316,0.7625076657645625,0.8064055810624478,0.5,0.3756759678248831,0.818567708489888,0.7994735696463451
335,0.3876577161852727,0.8621473935474111,0.47448967736213826,0.6374337211118102,0.6916735147994644,0.6809038576660718,0.9079218996227623,0.5,0.10880666931153063,0.11563691392802833,0.2775724044410086
336,0.2369346205083592,0.6310774166037312,0.39414279609537206,1.815465163389415,0.32567368112903405,0.37363444176993266,0.8933847813346638,0.5,0.3601769952836671,0.8252715663828046,0.30932933874921065
337,0.684490502430446,0.8107224365684766,0.12623193413803058,0.05789375797466971,0.7764269467879256,0.009949993179229843,0.8137370984978776,0.5,0.3060485352363046,0.9139309717670868,0.40094577536269393
338,0.5699511016648677,0.9177416574463024,0.3477905557814346,0.19886174664238157,0.6214612181370676,0.04505514182280623,0.9246880525514846,0.5,0.3255702620206765,0.2740162596764275,0.5911592866604967
339,0.019615557191779563,0.49933683138757007,0.47972127419579047,20.58840367965368,0.0591612024436059,0.7911085338882231,0.9673912785415153,0.5,0.4605097567127181,0.9083175732969684,0.20479325105178825
340,0.1700207801152181,0.6515616480767148,0.48154086796149664,2.1293361145669767,0.4759934011464745,0.8068900810547781,0.8585757389256709,0.5,0.19949803322705265,0.3194761081751507,0.6771309698710748
341,0.3369392430872136,0.6725377665041101,0.3355985234168965,0.47371474395147645,0.6362846042514863,0.3914206704797444,0.7994038327244491,0.5,0.47555947269737087,0.6762897754552759,0.390299967742325
342,0.38773309485286656,0.739798154753496,0.3520650599006295,0.32362091950742056,0.7893450337724569,0.5880803233007295,0.8836217661381891,0.5,0.20731127079631054,0.9115999499885097,0.9988646279933147
343,0.6610055366283525,0.9602449809106316,0.2992394442822791,0.023240912967845816,0.9818679547628395,0.6250231630751508,0.9701412097059297,0.5,0.4052862392735972,0.4056228582931639,0.48017252880018846
344,0.3009184457973178,0.7121720804498078,0.4112536346524901,0.5041187876310358,0.7627379014310242,0.7645922398028877,0.9386105405824683,0.5,0.15114900907532416,0.8187216411412058,0.16581939905755094
345,0.13544745159613014,0.5451868331988856,0.4097393816027555,1.9376992009012362,0.38810010609981827,0.6744208361768481,0.9602251584116064,0.5,0.3568675650842832,0.9874501799567833,0.6139035791781885
346,0.12175459127841948,0.5534171862840985,0.43166259500567905,2.7547046814143927,0.2842568136036898,0.5598057142410765,0.8932152148829009,0.5,0.3988494850923463,0.7687220789368566,0.45073411289833787
347,-0.042821621903594925,0.4232492642791897,0.4660708861827846,12.407717511246924,0.08416683158338034,0.5685962707858769,0.8308562456285059,0.5,0.5647795918379895,0.9583905155525808,0.13776034673503768
348,0.27749602465940687,0.7485550880847747,0.4710590634253678,1.270479686271998,0.48323562093541494,0.5776106645832504,0.8353733870096284,0.5,0.2349457464289176,0.18938680497795468,0.46193353892779354
349,0.3436054072281815,0.8319093063124263,0.4883038990842448,1.6740269404613042,0.5280350364486603,0.7982238648829386,0.9712908003049645,0.5,0.1684240765106784,0.18020570122211554,0.8063293036721233
350,0.2862820571143231,0.7680893853352527,0.48180732822092975,9.454470893958124,0.07248686646894209,0.19553437974627352,0.9221651712448855,0.5,0.40619642621494656,0.6376210382158902,0.9937093585101687
351,0.4940351114045729,0.982459831420474,0.48842472001590115,0.36596884915006644,0.5400729252343066,0.10922453826152323,0.9837622564219378,0.5,0.2395708620821145,0.017552933625756162,0.3771094376048816
352,0.5967181096876626,0.7597864256557406,0.16306831596807797,0.06605612780062786,0.7836208411178891,0.04332451467105558,0.7700847859431756,0.5,0.5315534039796075,0.900643533361436,0.648652367120736
353,0.2967547322247033,0.7951186971558466,0.4983639649311432,2.193210110618023,0.2494491573091978,0.3100479576749948,0.7994273774647151,0.5,0.5253527564043435,0.01585302375331954,0.9666230511310147
354,0.08113952347383305,0.5215983391519348,0.4404588156781017,2.157214696682086,0.4284123203805763,0.8011455428999935,0.8809277974949442,0.5,0.15730270397177035,0.7663154445836659,0.47944397620064394
355,0.39147568970580077,0.8414572565748047,0.4499815668690039,1.025736466894825,0.4137858380278201,0.3257866683912327,0.8916566832404773,0.5,0.4719436416519557,0.20350767940734604,0.4391715683185392
356,0.17693800264306908,0.5450662981848537,0.36812829554178467,1.2595207360874627,0.47093217944777155,0.5802323540084362,0.8405196727133899,0.5,0.30934007670734354,0.9102712331136712,0.09889305586884567
357,0.2151844214205798,0.6910713121000509,0.475886890679471,0.9264489430973303,0.6429377371063683,0.7600178054744534,0.7915695452479214,0.5,0.3547271327433199,0.2555023324351853,0.648392154854772
358,0.2741522969803854,0.7719519927545809,0.4977996957741955,6.41454056855896,0.1641328916261553,0.5760626518344353,0.8002553696964185,0.5,0.18100843647235246,0.03669185634169303,0.18966528010137051
359,0.3193666037806735,0.7732711537268825,0.453904549946209,3.383966128588164,0.17678242958372947,0.21167826433627657,0.9731330915352606,0.5,0.554757957630074,0.6267675350887124,0.7345398876514346
360,0.5636054600215396,0.9165755176232346,0.3529700576016953,0.8829240161388123,0.3190174070550731,0.0007242898188717373,0.9173232563859612,0.5,0.4729609388978244,0.635648699742581,0.3351913886394253
361,0.5325191698132625,0.8889599780941715,0.3564408082809091,0.23147427626750047,0.5895430122808359,0.03802910637258139,0.8950712633257426,0.5,0.32836278864860535,0.3323586851826944,0.7977471928356896
362,0.4633006941217091,0.8469314548117426,0.38363076069003343,0.6669105043810803,0.42080874848982075,0.12290844997260197,0.8944234882996732,0.5,0.1647943377320323,0.5796267955542027,0.8627378671085175
363,0.24137640635514285,0.6501958351572107,0.4088194288020678,1.142187417561221,0.44487255602566156,0.44104289888555503,0.8087053048338793,0.5,0.27859514265781726,0.5502803594001353,0.4435571246372516
364,0.4040329740775218,0.8818694840622359,0.47783650998471405,0.3457246122654542,0.8420435441584273,0.8627656036497828,0.9639176711363061,0.5,0.3361189308830458,0.3156896940786893,0.519109170296174
365,0.42803293219058586,0.8158785202077,0.3878455880171142,1.0532209654733429,0.3415194131554735,0.1390997386609636,0.9202900841952468,0.5,0.44249505733589967,0.8236183867997441,0.9500178017108544
366,0.23710124997960075,0.6138113546335393,0.3767101046539385,1.8980861764323602,0.3291232650550404,0.36479956380239176,0.9247526169196201,0.5,0.5630671060461555,0.8865015724872551,0.013158249880293349
367,0.2217894967139052,0.6219847982820517,0.40019530156814653,1.910070810022761,0.3622719764429445,0.5342235184009999,0.9492262161435108,0.5,0.21761989620969754,0.7751861796780163,0.07163823156602489
368,0.29617519244115,0.7772186642353652,0.48104347179421525,0.5700272369561403,0.6787696860228489,0.5870423933131083,0.802564427522855,0.5,0.23038015248459356,0.09030863580285231,0.6359137466722343
369,0.09893489755105647,0.5542287093608915,0.4552938118098351,2.6413186509570914,0.3782097115277271,0.9737254452563122,0.9777472654061368,0.5,0.4793550017364747,0.734462992992111,0.9844532249656699
370,0.14726330106719904,0.6451634617198699,0.4979001606526709,20.630049256299255,0.1609478735722738,0.9364476686178019,0.9937891777520979,0.5,0.4122583312706172,0.14335982322511964,0.16932280714278747
371,0.4470645435411761,0.8149207131671605,0.36785616962598444,0.3880783756463503,0.7048558153226974,0.45603616064297403,0.9168289994657454,0.5,0.5577437486942017,0.44898236215217435,0.07994800942337088
372,0.2093262610702787,0.7039574340157732,0.4946311729454945,2.420301942696459,0.5155195310431648,0.94803229750038,0.9392492912319744,0.5,0.3020519401656203,0.22753719255179672,0.16729540910732366
373,0.4064710080623053,0.7925461027096291,0.3860750946473238,0.9437675053522515,0.43385536575473693,0.32700584327556825,0.9025725337203556,0.5,0.1439723485923771,0.45301837923854793,0.08344472209037279
374,0.42130238891360106,0.7871532788801526,0.3658508899665516,0.18938743453045095,0.7534462037298352,0.2628038322730345,0.80962516221952,0.5,0.32487776328257156,0.26324287488787224,0.5350225515889143
375,0.1519512415812892,0.6059665087003692,0.4540152671190799,0.6205592651107219,0.7672496063569502,0.9701575376522026,0.896829744574835,0.5,0.162493044236819,0.9918417663255834,0.12508865677619407
376,0.32950519024172475,0.7151291849405911,0.38562399469886627,1.0724442233196378,0.3830748184055176,0.25665833237488966,0.8341876380543674,0.5,0.3912930454099359,0.6233596823715168,0.4793570856857263
377,0.3558777980773383,0.8552005184961408,0.4993227204188024,87.6105,0.01974834633934941,0.7951074511039398,0.9085844163067474,0.5,0.10022035455109804,0.21438364434193846,0.38693269966171195
378,0.37144751688858296,0.8660634391516947,0.4946159222631118,31.59022763347763,0.026288558286316155,0.20340433212617814,0.9146605929134601,0.5,0.2253394573656554,0.363762854705705,0.5306694386172508
379,0.5554096072961794,0.7923228403532111,0.23691323305703177,0.033716256896187055,0.9651513035579075,0.46564093024694875,0.7997849033054056,0.5,0.12017479088726743,0.317908297337295,0.5796933931531489
380,0.7704462344388061,0.9753907049544471,0.204944470515641,0.028492460583367924,0.9559708519245904,0.3037929401863939,0.9878008056252898,0.5,0.48392304201351266,0.602200425434219,0.11007472527520834
381,0.6221025762411961,0.9249489162376532,0.30284633999645716,0.24458002885519656,0.7099065898546438,0.26603384212218906,0.9870734765174575,0.5,0.2495744021047652,0.48935182279462575,0.3081480039479564
382,0.2674865903512761,0.6301159468856599,0.3626293565343838,0.9710367768014716,0.49839783533474247,0.469847520896548,0.8520496054185857,0.5,0.22282443674737398,0.7940281296330574,0.24893269576014665
383,0.24314065265883483,0.5803196112670149,0.33717895860818003,0.7501562643427163,0.551482855249085,0.4492197080179521,0.7510844754013264,0.5,0.11861305984508871,0.8253294150599003,0.20638968117576784
384,0.4372211695429976,0.9056594881167468,0.46843831857374923,0.23482143983723738,0.8714619651261497,0.765107603279276,0.9507026811831715,0.5,0.4077779429879582,0.2386311378239766,0.09494859544693068
385,0.5233098895505907,0.8869506465820113,0.3636407570314205,0.19939202467938866,0.8654721907997726,0.6278982878750865,0.9993919416779506,0.5,0.3083052089491135,0.7041912477644181,0.20962052132250353
386,0.17295815554284064,0.6728478810798016,0.49988972553696104,99.918,0.003161321410265039,0.9429485721314866,0.7776539112179675,0.5,0.5265258517645263,0.5935645460932851,0.6868138342173261
387,0.6650306786315704,0.8373026827366411,0.17227200410507085,0.08433726828557656,0.8130553806231858,0.1349088352859189,0.86074503418155,0.5,0.19012530002461628,0.5903575306135096,0.07192074931992043
388,0.23507066445465022,0.7265956229418807,0.49152495848723055,18.625049131424127,0.06740705626130683,0.5463645760609632,0.9719460090411894,0.5,0.43048538335084674,0.3101922084603699,0.1828872006492437
389,0.35304876320186135,0.8481920540685713,0.49514329086671005,2.0320470199437155,0.46861467163282255,0.7642402014302765,0.9023960468440042,0.5,0.24529524254689514,0.057373264937562785,0.1588398463357259
390,0.7786106481510691,0.9917745013493363,0.2131638531982673,0.07799384807778895,0.7559371866278528,0.0332621372914047,0.9990228450708654,0.5,0.19612937863762722,0.5016951750613936,0.47908554979896256
391,0.4312576917028049,0.8004672472921207,0.3692095555893159,0.24254364219786403,0.7988736829705795,0.47427270341678085,0.8614185702453686,0.5,0.27311502371062035,0.41260848893488467,0.18238923700085785
392,0.5004773029924692,0.8462967703973703,0.3458194674049011,0.8199063076206284,0.42119960091201825,0.2209523560680149,0.996576391233303,0.5,0.3065245139878632,0.8806532867301141,0.6358995589889567
393,0.22708686936525574,0.7201824123817007,0.493095543016445,13.980709761643585,0.07578999716294244,0.4864704269363491,0.8281438085994399,0.5,0.31248657047238027,0.1844312914833275,0.06614779823786487
394,0.5691827509476337,0.8099637285571214,0.2407809776094878,0.1796642608414386,0.7920032538736795,0.32406456576402887,0.9005399458339843,0.5,0.14090457388088753,0.9917902213514749,0.6947635194167323
395,0.5881655789635977,0.8346200938082781,0.24645451484468034,0.1875589276139764,0.7499084953720985,0.2513187015478119,0.894924454726419,0.5,0.4636885153671084,0.6641765794497334,0.39782498483525053
396,0.18170764234149875,0.6198884745716033,0.43818083223010457,1.2240941121624282,0.547191943341296,0.7187920424427873,0.8593265595000026,0.5,0.2930082952815466,0.5668520955566283,0.37534745945695414
397,0.1378118225596241,0.6104704235536473,0.4726586009940233,6.155691101003223,0.1320231822315845,0.2909331148477644,0.8511211569531879,0.5,0.5675356486242967,0.5730562502954384,0.6973284252599165
398,0.6827060976254189,0.8682326649676172,0.18552656734219836,0.018996947383336862,0.9673670778954749,0.28432467474519385,0.8788989490345521,0.5,0.33934250170317326,0.7104548025607522,0.6117722814134381
399,0.5048470624178893,0.9224659109474157,0.41761884852952624,0.22613230611876317,0.7029848033842656,0.22547545795552015,0.9296608944973482,0.5,0.11450949062492075,0.070546603309812,0.7478271675901862
400,0.17291121669623888,0.636067561880509,0.46315634518427007,7.4350935378460665,0.09712683681215917,0.13153048089803454,0.8250253509916815,0.5,0.34303125047170546,0.9541519065223981,0.8121578302696649
401,0.2089537060950371,0.6992912993864233,0.4903375932913862,1.05489046317363,0.6706066151829846,0.9060417715250736,0.8278458209438062,0.5,0.2833158266466864,0.2570265280798255,0.463601984850078
402,0.04518524198578836,0.5368690537776011,0.49168381179181264,14.721334588613999,0.13999276536366245,0.9149498000760814,0.9241842053900663,0.5,0.24886767371219667,0.4017782707962755,0.8953421523921854
403,0.3202578683064778,0.7545072851775181,0.43424941687104024,0.2533145542335826,0.8729919985807089,0.8305075289287149,0.7769893732485922,0.5,0.15809257546668723,0.17000597755715796,0.929372015669232
404,0.5337695243599883,0.9111675152535466,0.3773979908935582,0.015806096134049204,0.9748773820506628,0.30313678931127175,0.9121462686933332,0.5,0.3094060344220281,0.08191147784733488,0.7615677476823269
405,0.0648114723953154,0.5396650896215094,0.474853617226194,13.273904983904984,0.1031606471798534,0.6627234376095112,0.9004850117734495,0.5,0.10966209153815806,0.6681259189916468,0.024176135296224643
406,0.402107030750657,0.8112085908199382,0.4091015600692812,0.9609582587320948,0.46331163556635413,0.392011808319393,0.9805844763771157,0.5,0.4028888177884413,0.5396041545594037,0.698717394635279
407,0.6469765156556335,0.907780726679202,0.2608042110235685,0.06518971131329279,0.7670239083918339,0.016647899678064793,0.9103315567809669,0.5,0.2112375955017263,0.4677875682278685,0.8837989798318542
408,0.48769657178102266,0.964363648729741,0.47666707694871846,2.426128374498265,0.16787436598983352,0.02635795647757644,0.9697204678289644,0.5,0.41759021809168206,0.20918439475206996,0.7224802221827579
409,0.30822659766781435,0.6974815403617962,0.3892549426939819,1.2387951198331708,0.3864446832921866,0.31828999403250047,0.8853930588320453,0.5,0.5003712561667816,0.6866033019642697,0.5019306898491301
410,0.3289379270518976,0.6902240292039376,0.36128610215204,0.6709345338166204,0.5411135713975084,0.37100363260265634,0.7989465927550838,0.5,0.37702232525539037,0.5071223437981942,0.07086106553743932
411,0.5171546178207904,0.9583956693661955,0.44124105154540505,0.38206003101636204,0.5114467464595769,0.07077759452161103,0.9622515046149979,0.5,0.42036249799791914,0.0799175228559218,0.06378040631913251
412,0.16921642790854005,0.6676466290567289,0.49843020114818887,3.5138180640707306,0.437142355128185,0.9250549949554387,0.7576822574777944,0.5,0.43312359074669426,0.09055803525032091,0.8757921273975818
413,0.26614671893573877,0.7463152095660971,0.4801684906303583,8.8755703315862,0.083448051433056,0.31907017652882363,0.837653045279256,0.5,0.10212103125190206,0.4016651544408931,0.13857226256201483
414,0.3803659390636127,0.8660999699237786,0.485734030860166,16.240975274725276,0.048865907484736404,0.28910466679502433,0.9617187090750636,0.5,0.10902762721724565,0.5279982827153802,0.3627094142581657
415,0.26447012816780646,0.6944431803029214,0.429973052135115,0.849483671024997,0.5991265611378788,0.6124145527878071,0.8489167687665129,0.5,0.12517042375531442,0.5010952204425457,0.7978142512465847
416,0.43038060270798517,0.9158208309680207,0.4854402282600355,0.34504735094721506,0.8347520544613086,0.8222331094649571,0.9247376668229907,0.5,0.15134808589725227,0.03297539371520364,0.37672564893487603
417,0.2897878610969163,0.6782750021007528,0.38848714100383647,0.37669196178913916,0.7534065245154902,0.5669478615692276,0.7717768630650882,0.5,0.31977999514907685,0.5280644580872217,0.35197651665207286
418,0.2506894926048912,0.64278520176751,0.3920957091626187,2.4482339940568,0.26039403574927444,0.3112450167623909,0.9534020048355951,0.5,0.4030969295040182,0.9177952423999995,0.15250727905784267
419,0.1194620141442789,0.5904484963544646,0.47098648221018563,4.3246088975001005,0.25733977784275874,0.848224232980966,0.8689010643897499,0.5,0.588606972950257,0.412003413865924,0.10771529416804249
420,0.008425851309377475,0.4848800551419788,0.4764542038326013,9.478945788688437,0.15494090519015846,0.9118399367734549,0.7691638928556408,0.5,0.12192350788165165,0.5656223311488005,0.5813421090794386
421,0.3399894004713867,0.7486253986507156,0.40863599817932894,0.1061973895884932,0.8159874011461528,0.20286478907118255,0.7523190810069209,0.5,0.2455903310052052,0.08378346278097704,0.2544537073289447
422,0.42725380064071306,0.8011941948986563,0.3739403942579432,0.22001021250579078,0.7155888750559881,0.23952451758116455,0.8239379218345548,0.5,0.4460862327719519,0.2579860281756293,0.5954351847992952
423,0.0829721291643064,0.5185492806725167,0.4355771515082104,4.305661340554473,0.1811435819623084,0.40694754274164757,0.7974497165798784,0.5,0.15376413926630159,0.7934991560465495,0.1105515646422861
424,0.6270230173382573,0.8375157437372609,0.2104927263990036,0.24322957132085068,0.7041347993185526,0.2542307363730081,0.947570351024881,0.5,0.12421665531112977,0.9944833354815362,0.20607147721862473
425,0.6771363215086718,0.8935314521142017,0.2163951306055299,0.05453082829807303,0.915090106599524,0.2853567990384326,0.9093126131776575,0.5,0.10154698562191264,0.39867102484513817,0.4883013573423697
426,0.3931632562685968,0.7722383237631294,0.3790750674945326,2.0576441768158857,0.2085872404379283,0.12356325047104344,0.8413263587820594,0.5,0.16807065822105646,0.7303557643419128,0.005251141414982841
427,0.07218679315315858,0.5467519367739142,0.4745651436207556,4.459744827558934,0.3075883293727971,0.9426005765373031,0.9909082215288708,0.5,0.24479156200769606,0.6007224825104671,0.785319710129234
428,0.452480420047772,0.848855944248804,0.39637552420103195,0.1525204116609484,0.7029477428603111,0.10103307510731963,0.8538062902036416,0.5,0.5037322009110422,0.11570251674851229,0.3694358274588231
429,0.25623110471844807,0.7145915701461778,0.45836046542772974,0.809820468278458,0.7073570316924912,0.863800426354929,0.8683733727979642,0.5,0.1005310698155382,0.41421801105729794,0.7549464761943055
430,0.3421408831908821,0.8265523481663346,0.4844114649754525,2.228668034034621,0.3459109268557039,0.5679025161220308,0.9205797345336475,0.5,0.4357826956531703,0.14619271195636374,0.5459552200305778
431,0.3394899586095322,0.8129766641555509,0.4734867055460187,0.5484499815635289,0.7515237908874466,0.771206027038369,0.8733176303635695,0.5,0.14073714216965602,0.1842840629349357,0.506577123624802
432,0.07623314461707209,0.5374650743409761,0.4612319297239041,3.2533554558554494,0.30618121903801143,0.9042565412227543,0.8465009763649933,0.5,0.4820597474216426,0.5494302621234062,0.46249662772157096
433,0.31560306083531675,0.7858834978380889,0.4702804370027721,0.4769435315115579,0.7463511186327966,0.6727513115279768,0.8339448804852418,0.5,0.555933493584416,0.1798838961525865,0.5592098672794322
434,0.13843001552337905,0.6199289912453955,0.4814989757220164,1.1421847848922244,0.6564977587194601,0.9864837683297689,0.8235145467084661,0.5,0.38612706778846384,0.5421603637951329,0.9559900299135284
435,0.22168854796739187,0.6725696100791542,0.45088106211176227,0.5842516910412707,0.7655111646337878,0.8704808796165113,0.9177464891070253,0.5,0.14134224329413855,0.7799633588403111,0.17622352241038486
436,0.18140614161849125,0.681159031455328,0.49975288983683674,67.56785714285715,0.07586904261248217,0.9169935217086197,0.9049902274794863,0.5,0.4707552462175796,0.0848199428215275,0.908000872332172
437,0.24288571167354714,0.7267118695834778,0.48382615790993055,0.4614696677386413,0.7936021492546557,0.8239782265848836,0.7788402082871698,0.5,0.5495881643935346,0.1928321052358184,0.2245909333943582
438,0.5664645338487208,0.9072931549002592,0.34082862105153844,0.04328619313430794,0.9746784091202416,0.8215766521928978,0.9274044974747877,0.5,0.44349982566577706,0.572760113902572,0.9644591253025806
439,0.28607714620572655,0.6525007153727673,0.3664235691670407,0.46636687060359766,0.6992032951668002,0.5365767366260119,0.7750901829209603,0.5,0.1938732777700438,0.6420216039778548,0.36278432835326435
440,0.5151107190048628,0.9483414348778234,0.43323071587296075,0.38026707854636743,0.658805898014249,0.34656709748543435,0.9914151170510549,0.5,0.38254329341312465,0.21922936410338645,0.999129406469089
441,0.5626861926472858,0.9203331802538752,0.3576469876065895,0.16267119028510876,0.8535565643099381,0.4671377777736391,0.9751869166972646,0.5,0.5878738920338571,0.44057830521341623,0.6667623304399555
442,0.36244231231800395,0.7405523694410925,0.37811005712308854,0.6513666434699401,0.6268720677176474,0.5413741008201268,0.9841393565954354,0.5,0.5421229319523214,0.8228047449114497,0.920154621088234
443,0.4928762461540603,0.95217229188048,0.4592960457264198,1.1014576681761568,0.39709536576568183,0.3224579855687567,0.9976264106353665,0.5,0.2792442917565534,0.14583878590515909,0.012732688601327258
444,0.2747508202921848,0.7744413346582997,0.49969051436611495,99.27416666666667,0.003272269775325798,0.7583288144593415,0.8143783617145102,0.5,0.24697868196443687,0.43624721600472405,0.17692769087571836
445,0.3276915885090295,0.7841627598178214,0.45647117130879183,3.606578252895834,0.1483404995175398,0.1585434874169831,0.9032315605725223,0.5,0.3801650130557701,0.6546480729048617,0.8319002044952137
446,0.41171095103347816,0.7451240466781022,0.3334130956446239,0.24508781911605543,0.7359213539440527,0.32127068240521395,0.7888218686611639,0.5,0.4657670694003424,0.37912822902667176,0.11034136975768849
447,0.5394100581573021,0.8204222613806879,0.2810122032233857,0.23316230672712462,0.7974188742067145,0.4479871504795965,0.9307719209730535,0.5,0.10869124630819502,0.8114422105008853,0.46799887932277706
448,0.16789650367128078,0.607637551908918,0.43974104823763727,2.18132674890649,0.3532707003013281,0.5709040954516509,0.8688848268983396,0.5,0.11462045925353023,0.5641069782094079,0.32990727954009824
449,0.07689489385522551,0.4649060493208853,0.38801115546565973,1.564754211957783,0.4616688855248944,0.9958913246799838,0.8188932219840893,0.5,0.3783587469469637,0.9758786232689187,0.1352683741018882
450,0.8021290723102528,0.9156826548297777,0.113553582519525,0.08705295326717491,0.7478260158365052,0.04129454856629766,0.9293761718177802,0.5,0.316951609029162,0.9417206447192247,0.16199809874601057
451,0.33526140164726514,0.8126378414657257,0.4773764398184605,2.8704282025078327,0.17359229893560157,0.1808770891206447,0.860128544424049,0.5,0.5678699231455929,0.2795714566763907,0.9194559844884358
452,0.5131525959260559,0.9922560975571477,0.4791035016310918,2.2795224171796007,0.17342562485632484,0.016357648611288522,0.9942954382543715,0.5,0.27723708909943,0.14485891343950485,0.4091650048672507
453,0.45857937351642775,0.8993063184411472,0.44072694492471953,0.1436606743692373,0.8508949515616351,0.4035017307182741,0.9063840635846571,0.5,0.1768125146754522,0.07028159432011583,0.1120568184704771
454,0.3752224710279496,0.8255511660971177,0.4503286950691681,0.2555313376421181,0.7699147200447546,0.4193345194846885,0.8434780229642032,0.5,0.4114855864774807,0.12075924884771505,0.5502239311971201
455,0.027155856587965745,0.5025936725903848,0.475437816002419,6.9064172199900655,0.12660186370881166,0.2579258809884508,0.7548155875539672,0.5,0.4342345189604515,0.6679857346260214,0.7618030602558744
456,0.02827573657643684,0.5190441416204556,0.49076840504401886,17.843799783549784,0.06596348223696413,0.5332513508411424,0.7990220172655003,0.5,0.5527775731495523,0.5499323137809421,0.9880822615739999
457,0.4730273559998081,0.7980077889923063,0.3249804329924982,0.47475087427693435,0.4869694264605836,0.10485074246914006,0.8443934204892591,0.5,0.4949797697635313,0.6872330502538234,0.6284476865406934
458,0.5541861706179835,0.752328782286827,0.19814261166884342,0.00011616161616161617,0.9998275973642227,0.32380295912504364,0.7523289324356561,0.5,0.26130726865384646,0.6804506672244716,0.700911420590571
459,0.08743679277158932,0.5411925724276505,0.45375577965606106,3.7996245386590877,0.22807935037705362,0.6377256582307597,0.9105776088119203,0.5,0.5357111762921046,0.7472697401618569,0.7805761186178242
460,0.1785329297174809,0.6581304658246715,0.4795975361071907,6.550720344866916,0.14165484545586016,0.4977093230953623,0.952277316296996,0.5,0.2872326137634127,0.5142035481700629,0.8587040382485607
461,0.2571318436967305,0.7376908325481251,0.48055898885139464,0.9240868203042693,0.6626536546720537,0.8146951955330972,0.8439139962620337,0.5,0.5573915693129912,0.242464751959248,0.6414223820678482
462,0.10981043221924103,0.5344360027892175,0.4246255705699766,1.030773765992039,0.6060082178212882,0.8000468484358398,0.7642435054998551,0.5,0.2324798762907229,0.7677848074297834,0.5327608194288309
463,0.47200167087303624,0.9508422021840668,0.4788405313110305,3.5286424199959727,0.14873581369514954,0.1846492386550186,0.9923677702452912,0.5,0.12209523803049718,0.22551930572682777,0.4621759603708272
464,0.04198965902843095,0.4615127725894258,0.41952311356099486,2.8435445390270764,0.28542838283455874,0.6935271418654891,0.7927208118027476,0.5,0.30054941263511414,0.8965112478311306,0.31136827688415636
465,0.3217267902995896,0.7529372351061536,0.43121044480656395,0.0415124075816744,0.980004526328729,0.9967660503172593,0.7608666633950864,0.5,0.4473801905562246,0.29672614622376914,0.17605900833305455
466,0.311333615703519,0.7489436438862505,0.4376100281827314,1.8170774213152268,0.38796373048670085,0.5546236295716572,0.9866111332968499,0.5,0.11195345840776791,0.44254136333598204,0.0892338443509827
467,0.5921576664320887,0.7915240776915649,0.19936641125947613,0.07162476444438606,0.8968417215964204,0.30286247476878325,0.8290172283687783,0.5,0.3151329643666996,0.762861102855171,0.027447740548332433
468,0.5108482828076576,0.997741058058969,0.48689277525131136,0.019119207213497857,0.9887773790373994,0.8415586253792664,0.9978168603763871,0.5,0.5821362827847655,0.004468908551540474,0.8993158836948295
469,0.420562491719383,0.9196612981881336,0.4990988064687506,13.407914915966387,0.10097908384473753,0.6120733903034979,0.9460452027868084,0.5,0.17970781599847876,0.02666875320845352,0.16581556185501667
470,0.11191400233319186,0.5282258086458838,0.4163118063126919,0.678717027725198,0.7237412649118833,0.959935672670019,0.7817828794463906,0.5,0.240118174179666,0.9912249574131214,0.18732923353733588
471,0.38265797365038495,0.7489712931319034,0.36631331948151835,0.8518905254997643,0.41029586946010665,0.20553518834326556,0.8815055981544556,0.5,0.36079826827122796,0.9022813725345152,0.8827540841851385
472,0.7238595859386229,0.9449497756153059,0.22109018967668298,0.04928231611449739,0.8034165253110028,0.022765437475855355,0.9495381010781532,0.5,0.17004700722849223,0.616027264736905,0.8896393796847843
473,0.19471675957698859,0.6655139484574253,0.47079718888043676,1.331979492485283,0.5770236169004853,0.7965591711954794,0.8706522363778842,0.5,0.18005709998504713,0.46045502593741905,0.9695261511794256
474,0.26204871228546417,0.69444720340207,0.43239849111660583,1.1537680438651594,0.48095812052851294,0.5197536427465669,0.8417600882015179,0.5,0.3573926548883539,0.399430015644867,0.3077122637582167
475,0.43639895173789345,0.9054642534088442,0.46906530167095084,1.6489757245155352,0.31787459583638367,0.34863732720065943,0.9744606998059108,0.5,0.2550371212416358,0.19602713752056278,0.5470897804603392
476,0.35757977124058,0.8505645660713107,0.4929847948307307,18.970784257409257,0.039749987592377356,0.2081593107699281,0.9341600714679835,0.5,0.5829190446403469,0.34486540050629066,0.6478436066627306
477,0.2192940474653625,0.7164657722870142,0.49717172482165173,21.534119658119657,0.08724585251541683,0.695944818938668,0.8372286216623213,0.5,0.1362649831728779,0.16790876054442694,0.61920883585298
478,0.3713814308417402,0.8418480591432296,0.4704666283014894,2.104846191943679,0.2622781483008044,0.32557125817819665,0.9211413910655977,0.5,0.5443641979674517,0.23283904043826864,0.605462165855568
479,0.2274766468520058,0.6760257076036484,0.4485490607516426,1.0094407113941828,0.5165012443815518,0.528451368657117,0.7767181597419885,0.5,0.27883711045963033,0.33354841896519893,0.7696582254444867
480,0.5445926454751158,0.7673578835574716,0.22276523808235585,0.14104542294647376,0.7554188691324764,0.16707164958934018,0.8054227050867429,0.5,0.17560335442351363,0.7272256601713737,0.49032110690933317
481,0.17519433861825642,0.6348964396116936,0.4597021009934372,2.497021323655904,0.39949266551629525,0.8322295811677194,0.9976750036095793,0.5,0.40983490124029365,0.5325381581353058,0.4055345751337568
482,0.1282388995661779,0.6187052607204659,0.49046636115428804,15.795643037518039,0.07637652717725607,0.5835317268947148,0.9283729491280641,0.5,0.5493213849738225,0.4282022047274068,0.7245684392227825
483,0.37298722466330825,0.6932854284664021,0.3202982038030938,0.371014322445446,0.6905263045754888,0.39629339099026806,0.7925483600900469,0.5,0.43540676817036816,0.6159279732127779,0.138144975832585
484,0.31236364178160037,0.8121009776437476,0.4997373358621471,21.869976634476636,0.12776666911821233,0.8265652490542393,0.8379446199988125,0.5,0.1485896844615083,0.01807220451950098,0.5173135377042565
485,0.42353456698020764,0.8651587961001423,0.4416242291199346,0.8939208849311926,0.34050897039909167,0.07065189139124162,0.8804500674087452,0.5,0.4825803966065293,0.280420983089148,0.8314281572862723
486,0.49572394551212706,0.8260398940575577,0.33031594854543067,0.01162268908369017,0.9764819285414988,0.2340225111541061,0.8271647195969731,0.5,0.4370427179311278,0.11999145898403496,0.1776200540102869
487,0.05993951963626996,0.5514037925819513,0.4914642729456814,28.60693151293151,0.040503000830166,0.3447063062810958,0.7814582413966915,0.5,0.5532262827951318,0.5568453739661512,0.6044692450125437
488,0.37522841677533847,0.7409139669306056,0.36568555015526716,1.0868566396715462,0.3624397521628038,0.19177807535525537,0.8420064003852306,0.5,0.5713565099657678,0.5723353897180994,0.16369891438385076
489,0.5244505794812458,0.9128603376578523,0.3884097581766065,0.23725298552703228,0.804838831441341,0.4835658333128693,0.9706590687244433,0.5,0.20811450538206003,0.3594911232079284,0.805035287963371
490,0.38616689072964094,0.876309963307803,0.49014307257816203,8.40664034115964,0.06830263352660115,0.12277444440593399,0.9087285590441745,0.5,0.5534196791951624,0.25275835194254326,0.6409711141984936
491,0.14671539398638891,0.6351709684751002,0.48845557448871135,25.6546762959263,0.04402167560936021,0.4110941754136639,0.8756646834064361,0.5,0.349381844253308,0.5652176553231886,0.22264004487455769
492,0.36759021189298124,0.7658457589100317,0.39825554701705046,0.5137669871656401,0.7159061079400479,0.6336165407370233,0.934526471271665,0.5,0.37994048307528605,0.5993682761756546,0.4205687855253887
493,0.17406820628660188,0.6304941945953787,0.45642598830877673,5.232876703797855,0.13477019609465646,0.34147151267531806,0.8509929696049526,0.5,0.1277270735556896,0.8123064120851475,0.5778706391115814
494,0.45978804881270285,0.9367157769118997,0.4769277280991969,0.3931543140277334,0.7125440657153836,0.4778413830554237,0.9498341298292058,0.5,0.14696032824499308,0.05153666973026583,0.27246993119705154
495,0.06769964981812007,0.535443000037702,0.4677433502195819,2.4730256872258782,0.4306134796650799,0.8603812665310434,0.8043451614558574,0.5,0.16241559134857267,0.4673064351828775,0.35472745567438013
496,0.2563220623780532,0.735827815174718,0.47950575279666474,0.7044644332962664,0.6852880157959004,0.7218179245951557,0.7887805535114676,0.5,0.3441261287526728,0.16988094663279107,0.8888257404289607
497,0.18606476615260156,0.5880147032789209,0.4019499371263193,2.1338753023359973,0.30344040437621844,0.3707669251497021,0.9267921588176824,0.5,0.46112946152738166,0.9980694316104035,0.5801468138005748
498,-0.008561323159688444,0.43692584647048527,0.4454871696301737,7.664269244472419,0.12463965864587667,0.5291517981041232,0.8226551325094662,0.5,0.5249504967299111,0.9997794739858883,0.004071624535832874
499,0.3481174945175826,0.8239925347899257,0.47587504027234306,1.5161056412570086,0.3706084005237301,0.42689442663374344,0.8801458551479779,0.5,0.5248159180473381,0.1380180594883924,0.39824665049112007
